band,n,cases,observed_risk,mean_predicted,difference,version
"[0.0, 0.02)",226,0,0.0,0.014611822808067505,-0.014611822808067505,raw
"[0.02, 0.05)",837,0,0.0,0.03501344462058586,-0.03501344462058586,raw
"[0.05, 0.1)",881,5,0.0056753688989784334,0.07231248616640522,-0.06663711726742678,raw
"[0.1, 0.2)",873,5,0.0057273768613974796,0.1451723630192877,-0.13944498615789022,raw
"[0.2, 1.01)",2576,210,0.08152173913043478,0.532122725810856,-0.45060098668042115,raw
"[0.0, 0.02)",3263,17,0.005209929512718358,0.007115336500433874,-0.0019054069877155163,recalibrated
"[0.02, 0.05)",928,28,0.03017241379310345,0.03210815827081751,-0.0019357444777140624,recalibrated
"[0.05, 0.1)",568,42,0.07394366197183098,0.0710844224546686,0.002859239517162382,recalibrated
"[0.1, 0.2)",416,67,0.16105769230769232,0.13980095481612953,0.021256737491562788,recalibrated
"[0.2, 1.01)",218,66,0.30275229357798167,0.31700767361972665,-0.01425538004174498,recalibrated
