bin,n,observed,predicted_mean,predicted_min,predicted_max,cases,obs_ci_low,obs_ci_high,version
"(0.00245, 0.0311]",540,0.0,0.021291614608534896,0.003449018047118657,0.031070094707289334,0,0.0,0.0070635638724528965,raw
"(0.0311, 0.0506]",539,0.0,0.0406612763603306,0.03108994178782642,0.050613507698839065,0,0.0,0.007076576076581537,raw
"(0.0506, 0.078]",539,0.0018552875695732839,0.06291491535849789,0.05063715898094258,0.07794849177249047,1,0.00032757891662866384,0.0104333141318394,raw
"(0.078, 0.118]",539,0.00927643784786642,0.09671424519607529,0.077967876738376,0.11829728939611531,5,0.00396866423209561,0.021529496703918554,raw
"(0.118, 0.181]",540,0.007407407407407408,0.1494521053889293,0.11848083443689636,0.18126894431866195,4,0.002884257296371519,0.018889476000193188,raw
"(0.181, 0.272]",539,0.012987012987012988,0.22570093389866508,0.18134214348231395,0.27211876467859414,7,0.006304843833877968,0.026561951045909245,raw
"(0.272, 0.406]",539,0.025974025974025976,0.3347089000831359,0.27224976403273093,0.4062634507150904,14,0.015534105785944,0.043122907897048895,raw
"(0.406, 0.58]",539,0.03896103896103896,0.4900673079541942,0.40654443058039885,0.5794461162050714,21,0.02562201423496785,0.058825218251230715,raw
"(0.58, 0.765]",539,0.08534322820037106,0.6714793071204223,0.5800248152033344,0.7645358747586735,46,0.06459200783633037,0.11196314894703133,raw
"(0.765, 0.996]",540,0.22592592592592592,0.8620495549668278,0.7645482391002464,0.9958236152262919,122,0.19266175283696255,0.26306197847090046,raw
"(-0.000648, 0.00242]",540,0.0,0.0017209091504250664,0.00035205399842562436,0.0024196561184643204,0,0.0,0.0070635638724528965,recalibrated
"(0.00242, 0.00371]",539,0.0,0.0030556527622872262,0.002419675858156918,0.0037123155700986093,0,0.0,0.007076576076581537,recalibrated
"(0.00371, 0.00549]",539,0.0018552875695732839,0.004519983660636748,0.003712997509846894,0.005487222110079671,1,0.00032757891662866384,0.0104333141318394,recalibrated
"(0.00549, 0.00814]",539,0.00927643784786642,0.006723566771948663,0.005489925161253831,0.008128345987094741,5,0.00396866423209561,0.021529496703918554,recalibrated
"(0.00814, 0.0124]",540,0.007407407407407408,0.010258748255100822,0.008139756336750124,0.012439938087676846,4,0.002884257296371519,0.018889476000193188,recalibrated
"(0.0124, 0.0194]",539,0.012987012987012988,0.015785956205503122,0.012457121021267701,0.019415333395506995,7,0.006304843833877968,0.026561951045909245,recalibrated
"(0.0194, 0.0323]",539,0.025974025974025976,0.025116010514015193,0.019418766102703166,0.0322413575926908,14,0.015534105785944,0.043122907897048895,recalibrated
"(0.0323, 0.0574]",539,0.03896103896103896,0.04340228227637022,0.032279533231674463,0.05739367799125068,21,0.02562201423496785,0.058825218251230715,recalibrated
"(0.0574, 0.114]",539,0.08348794063079777,0.081235884223264,0.05748435639170909,0.11368711190018015,45,0.06297969586088314,0.10989114395059202,recalibrated
"(0.114, 0.834]",540,0.22777777777777777,0.2171335528832461,0.1138272062454226,0.8342413722442273,123,0.1943998806033637,0.26500139306052733,recalibrated
