variable,level,n,share,chd_prevalence
sex,Female,11165,0.5176170607324988,0.02651141961486789
sex,Male,10405,0.48238293926750114,0.056222969726093225
race_eth,3.0,7910,0.3667130273528048,0.06371681415929203
race_eth,4.0,4943,0.2291608715808994,0.027109043091240136
race_eth,1.0,2905,0.13467779323133983,0.02547332185886403
race_eth,6.0,2794,0.12953175707000464,0.022548317823908374
race_eth,2.0,2242,0.10394065832174317,0.03300624442462088
race_eth,7.0,776,0.03597589244320816,0.041237113402061855
education,4.0,6621,0.3069541029207232,0.03911795801238484
education,5.0,5354,0.24821511358368104,0.032499066118789686
education,3.0,4784,0.22178952248493278,0.04201505016722408
education,2.0,2742,0.12712100139082058,0.045951859956236324
education,1.0,2047,0.09490032452480297,0.05862237420615535
education,nan,22,0.0010199350950394065,0.045454545454545456
marital,1.0,10827,0.5019471488178026,0.04433361041839845
marital,5.0,4147,0.19225776541492814,0.013744875813841331
marital,3.0,2349,0.10890125173852573,0.05108556832694764
marital,6.0,1830,0.08484005563282336,0.01366120218579235
marital,2.0,1653,0.07663421418636995,0.10223835450695705
marital,4.0,751,0.03481687528975429,0.03994673768308921
marital,nan,13,0.000602688919796013,0.0
born_us,1.0,14811,0.6866481223922114,0.047802309094591856
born_us,0.0,6748,0.3128419100602689,0.025637225844694723
born_us,nan,11,0.0005099675475197032,0.0
asthma_ever,0.0,18333,0.8499304589707928,0.038727976872306766
asthma_ever,1.0,3220,0.1492814093648586,0.052795031055900624
asthma_ever,nan,17,0.0007881316643486324,0.058823529411764705
anemia_treated,0.0,20579,0.9540565600370885,0.038728801205112004
anemia_treated,1.0,965,0.044738062123319426,0.08393782383419689
anemia_treated,nan,26,0.001205377839592026,0.11538461538461539
told_overweight,0.0,13818,0.6406119610570237,0.03292806484295846
told_overweight,1.0,7738,0.3587389893370422,0.05492375290772809
told_overweight,nan,14,0.0006490496059341678,0.07142857142857142
arthritis,0.0,15769,0.7310616597125638,0.023907666941467436
arthritis,1.0,5758,0.26694483078349557,0.08718304967002431
arthritis,nan,43,0.0019935095039406584,0.046511627906976744
emphysema,0.0,21142,0.9801576263328697,0.03807586794059219
emphysema,1.0,403,0.0186833565136764,0.17866004962779156
emphysema,nan,25,0.0011590171534538712,0.16
bronchitis,0.0,20287,0.9405192396847474,0.037413121703554
bronchitis,1.0,1248,0.057858136300417244,0.09695512820512821
bronchitis,nan,35,0.0016226240148354196,0.02857142857142857
liver_condition,0.0,20574,0.9538247566063978,0.03941868377563915
liver_condition,1.0,962,0.04459898006490496,0.06860706860706861
liver_condition,nan,34,0.0015762633286972648,0.11764705882352941
thyroid_problem,0.0,19242,0.8920723226703755,0.03705436025361189
thyroid_problem,1.0,2283,0.10584144645340751,0.07271134472185721
thyroid_problem,nan,45,0.002086230876216968,0.044444444444444446
gout,0.0,20520,0.9513212795549374,0.03654970760233918
gout,1.0,1033,0.04789058878071396,0.12487899322362052
gout,nan,17,0.0007881316643486324,0.11764705882352941
cancer_ever,0.0,19503,0.9041724617524339,0.03491770496846639
cancer_ever,1.0,2058,0.09541029207232267,0.0966958211856171
cancer_ever,nan,9,0.0004172461752433936,0.1111111111111111
fam_hist_mi,0.0,18536,0.8593416782568382,0.033933966335779026
fam_hist_mi,1.0,2524,0.11701437181270283,0.08676703645007924
fam_hist_mi,nan,510,0.02364394993045897,0.06470588235294118
fam_hist_asthma,0.0,16663,0.7725081131200742,0.04116905719258237
fam_hist_asthma,1.0,4448,0.20621233194251276,0.03484712230215827
fam_hist_asthma,nan,459,0.021279554937413073,0.08714596949891068
fam_hist_diabetes,0.0,11987,0.5557255447380621,0.03245182280804205
fam_hist_diabetes,1.0,9196,0.42633286972647194,0.05154414963027403
fam_hist_diabetes,nan,387,0.017941585535465925,0.046511627906976744
pulse_regular,1.0,20191,0.9360686138154845,0.038680600267445894
pulse_regular,nan,806,0.0373667130273528,0.03722084367245657
pulse_regular,0.0,573,0.026564673157162728,0.12216404886561955
