variable,n,missing_pct,mean,sd,min,q25,median,q75,q95,max,skewness
age,21570,0.0,49.61854427445526,17.66452880829053,20.0,34.0,50.0,64.0,80.0,80.0,0.07491097375503723
income_poverty_ratio,19445,0.09851645804357904,2.474059655438416,1.6313136825700076,5.397605346934028e-79,1.07,2.04,4.0,5.0,5.0,0.37846021986788636
pulse,20750,0.03801576263328697,72.40173493975904,11.840268902656813,34.0,64.0,72.0,80.0,94.0,172.0,0.6800238829404531
bmi,21264,0.014186369958275382,29.315194695259596,7.14277754533381,13.4,24.3,28.1,32.9,42.68499999999986,86.2,1.2698730761400583
waist,20234,0.06193787668057487,99.6018434318474,16.65291897642653,55.5,87.6,98.2,109.4,129.93499999999986,177.9,0.6066078821975
height,21306,0.01223922114047288,166.66192950342625,10.147519350496365,129.7,159.2,166.4,173.9,183.6,204.5,0.11090851455140416
weight,21302,0.012424663885025498,81.67720871279691,22.053082296987697,29.1,66.2,78.4,93.1,122.5,242.6,1.1063964351237459
arm_circ,20468,0.051089476124246636,33.192534688293925,5.238180987207332,17.1,29.5,32.8,36.3,42.5,59.4,0.5520043337630152
total_chol,20279,0.0598516458043579,190.1861038512747,41.44437047382977,59.0,162.0,187.0,215.0,261.0,612.0,0.736951329744344
hdl,20279,0.0598516458043579,53.206765619606486,16.084882520326985,6.0,42.0,51.0,62.0,83.0,189.0,1.1472646452874555
triglycerides,9599,0.5549837737598516,118.91822064798417,97.59518027377278,10.0,66.0,96.0,142.0,268.0,2684.0,6.993658825013037
ldl,9465,0.5611961057023644,111.9796090861067,35.63946250244804,14.0,87.0,109.0,134.0,174.0,375.0,0.6727226388032937
sbp,20708,0.039962911451089475,124.8492209130127,18.777001910825515,64.66666666666667,112.0,122.0,134.66666666666666,160.0,238.0,1.0519038408455061
dbp,20655,0.04242002781641168,71.08390220285645,11.672487303176556,22.0,64.0,71.33333333333333,78.0,90.0,138.66666666666666,0.14104199317102298
pulse_pressure,20655,0.04242002781641168,53.72892762043089,17.736805657761675,15.0,41.33333333333333,50.0,62.000000000000014,88.66666666666667,172.66666666666666,1.2484878382752043
