variable,kind,effect_size,effect_size_name,magnitude,p_value,p_value_fdr
age,continuous,1.1527452592838774,Cohen's d,large,1.2183723518240224e-290,1.8275585277360337e-289
pulse_pressure,continuous,0.7173309217383048,Cohen's d,moderate,2.604278903558735e-55,1.9532091776690513e-54
ldl,continuous,-0.5720564073631579,Cohen's d,moderate,3.607443062760444e-23,7.730235134486666e-23
total_chol,continuous,-0.5182376172668972,Cohen's d,moderate,7.614668040208692e-41,3.807334020104346e-40
waist,continuous,0.4238340621043457,Cohen's d,small,2.7427075931461036e-32,1.028515347429789e-31
sbp,continuous,0.41998149799841067,Cohen's d,small,2.4279931153683416e-23,6.069982788420853e-23
dbp,continuous,-0.41527272386190717,Cohen's d,small,2.7084217049421436e-27,8.12526511482643e-27
pulse,continuous,-0.33782595153084205,Cohen's d,small,3.3931652476173375e-22,6.362184839282508e-22
hdl,continuous,-0.2854058208461965,Cohen's d,small,3.229281105704961e-17,5.382135176174935e-17
arthritis,categorical,0.14152698481582826,Cramer's V,small,2.0166513827009855e-95,3.8316376271318727e-94
triglycerides,continuous,0.12779565320652964,Cohen's d,negligible,0.006159547188354072,0.007107169832716238
income_poverty_ratio,continuous,-0.1228569728937736,Cohen's d,negligible,0.0002841606666074508,0.0004262409999111762
weight,continuous,0.12010684168792858,Cohen's d,negligible,0.0005051693674482555,0.0006888673192476211
marital,categorical,0.11413208750185196,Cramer's V,small,1.3371020897788259e-58,1.2702469852898845e-57
bmi,continuous,0.10005896571275587,Cohen's d,negligible,0.002095039151792414,0.002618798939740518
emphysema,categorical,0.09638578560503153,Cramer's V,negligible,1.1682929743962892e-44,7.399188837843166e-44
gout,categorical,0.09539747140442474,Cramer's V,negligible,4.488216427098361e-44,2.1319028028717216e-43
cancer_ever,categorical,0.09174469338123928,Cramer's V,negligible,5.080329520147702e-41,1.9305252176561267e-40
race_eth,categorical,0.089904713704767,Cramer's V,negligible,8.617298261631244e-36,2.3389809567284803e-35
fam_hist_mi,categorical,0.08728828543267238,Cramer's V,negligible,1.7821110501065274e-36,5.64335165867067e-36
sex,categorical,0.07500980084292758,Cramer's V,negligible,4.661504213578435e-28,1.1071072507248785e-27
bronchitis,categorical,0.0702725539104439,Cramer's V,negligible,1.330045625605701e-24,2.8078740985009244e-24
pulse_regular,categorical,0.06898004596037098,Cramer's V,negligible,8.117431160450363e-23,1.5423119204855688e-22
thyroid_problem,categorical,0.055476655841693784,Cramer's V,negligible,6.304815327592358e-16,1.0890135565841345e-15
told_overweight,categorical,0.05332119955579701,Cramer's V,negligible,6.55810371357006e-15,1.0383664213152595e-14
born_us,categorical,0.05191667556323068,Cramer's V,negligible,3.3038086074114146e-14,4.8286433492936057e-14
height,continuous,0.051767466902218784,Cohen's d,negligible,0.11992715577195376,0.12849338118423617
fam_hist_diabetes,categorical,0.047868117048154774,Cramer's V,negligible,4.1538216556800044e-12,5.637329389851435e-12
anemia_treated,categorical,0.04729611168564722,Cramer's V,negligible,6.945548803639392e-12,8.797695151276563e-12
education,categorical,0.03638884938198935,Cramer's V,negligible,9.725864635517808e-06,1.1549464254677398e-05
liver_condition,categorical,0.03050721219256222,Cramer's V,negligible,1.1152437594128611e-05,1.24644890757908e-05
asthma_ever,categorical,0.025339893014747917,Cramer's V,negligible,0.00024079431586575595,0.000254171777858298
fam_hist_asthma,categorical,0.013182085765613036,Cramer's V,negligible,0.06118436864440245,0.06118436864440245
arm_circ,continuous,-4.3218140828357654e-05,Cohen's d,negligible,0.9989979070467768,0.9989979070467768
