comparison,variable,n_group_a,n_group_b,mean_group_a,mean_group_b,cohens_d,welch_p,odds_ratio,or_ci_low,or_ci_high,cramers_v,p_value
false_negative vs true_positive,age,40.0,180.0,55.025,72.58888888888889,-2.1951279862992363,4.6040568305126924e-15,,,,,
false_negative vs true_positive,ldl,20.0,87.0,136.1,79.22988505747126,1.6351376656307977,0.00044798494670422425,,,,,
false_negative vs true_positive,dbp,39.0,173.0,75.70940170940173,65.06551059730249,0.9402681341070137,2.23628127378473e-06,,,,,
false_negative vs true_positive,total_chol,37.0,167.0,198.54054054054055,162.21556886227546,0.8762317558897419,0.0004917203881403818,,,,,
false_negative vs true_positive,pulse_pressure,39.0,173.0,57.86324786324785,69.18304431599228,-0.5432198665577599,0.004926844563209898,,,,,
false_negative vs true_positive,arm_circ,38.0,168.0,35.31315789473685,32.779761904761905,0.5237538640092725,0.02023838611644101,,,,,
false_negative vs true_positive,pulse,40.0,175.0,70.95,66.4,0.406667403115357,0.03750660103997909,,,,,
false_negative vs true_positive,weight,40.0,179.0,90.36749999999999,83.83798882681565,0.3012470341508044,0.16722555935300612,,,,,
false_negative vs true_positive,hdl,37.0,167.0,52.513513513513516,48.18562874251497,0.29693372239140003,0.14174201688278415,,,,,
false_negative vs true_positive,bmi,40.0,178.0,31.4925,29.684831460674154,0.2864784680486243,0.18914224931899895,,,,,
false_negative vs true_positive,waist,37.0,162.0,104.55675675675676,106.94074074074075,-0.16292849626134623,0.4359832592312113,,,,,
false_negative vs true_positive,income_poverty_ratio,34.0,161.0,2.10264705882353,2.3068944099378887,-0.13605342349711774,0.526789693223486,,,,,
false_negative vs true_positive,height,40.0,178.0,168.65749999999997,167.62134831460673,0.11494318804519313,0.5387939040017578,,,,,
false_negative vs true_positive,triglycerides,20.0,90.0,131.4,134.6888888888889,-0.03970963642029151,0.8305009674050632,,,,,
false_negative vs true_positive,sbp,39.0,175.0,133.57264957264957,133.91809523809522,-0.015669544913882893,0.926706896530361,,,,,
false_negative vs true_positive,marital,,,,,,,,,,0.346425627387904,7.454888306118973e-05
false_negative vs true_positive,race_eth,,,,,,,,,,0.3128446997444055,0.0006425052195439144
false_negative vs true_positive,arthritis,,,,,,,0.21964245975817817,0.10248504354156204,0.47073024961987175,0.2797154638927578,7.087698146791954e-05
false_negative vs true_positive,born_us,,,,,,,0.32496684011835525,0.15651904244446546,0.6747003145893756,0.20752426878823016,0.0041508513556618885
false_negative vs true_positive,fam_hist_mi,,,,,,,0.2687916975537435,0.08533730390177657,0.8466283016977175,0.1698734795852553,0.02298592330577607
false_negative vs true_positive,anemia_treated,,,,,,,0.09605540499849442,0.005687942938602112,1.6221401882931599,0.1498621434025613,0.028865031401054606
false_negative vs true_positive,education,,,,,,,,,,0.13235236393501898,0.42615713363193863
false_negative vs true_positive,pulse_regular,,,,,,,3.4715969989281885,0.6378721854721581,18.89404491598302,0.11703627345827596,0.13581690409828673
false_negative vs true_positive,gout,,,,,,,0.37613330066160255,0.0980928398359554,1.4422689780741174,0.11021283254734413,0.1709580005075957
false_negative vs true_positive,cancer_ever,,,,,,,0.5039147093120107,0.19249672047148922,1.319139534632321,0.10236082767023494,0.1931469009215025
false_negative vs true_positive,sex,,,,,,,0.5904995904995906,0.29242278332252464,1.1924165498267638,0.09777547198884641,0.20754975440384224
false_negative vs true_positive,fam_hist_asthma,,,,,,,1.7966515521450994,0.7484804346078028,4.312680266006975,0.08504390681560176,0.3246882864018613
false_negative vs true_positive,asthma_ever,,,,,,,0.6349930569331482,0.24066502347279115,1.675424939340597,0.06944444444444446,0.42173115071459977
false_negative vs true_positive,emphysema,,,,,,,0.5564116675839296,0.09801131956392846,3.1587570211376956,0.061888249716725366,0.6994330544251964
false_negative vs true_positive,fam_hist_diabetes,,,,,,,0.8153846153846154,0.40731621678022367,1.6322749834550598,0.039222560483064745,0.6933878408916918
false_negative vs true_positive,told_overweight,,,,,,,0.8593848085373509,0.43508129934146555,1.697481023115976,0.030018322895213806,0.7869090637914407
false_negative vs true_positive,bronchitis,,,,,,,0.8684931506849315,0.296650944838431,2.5426527907991425,0.026550102097784228,1.0
false_negative vs true_positive,thyroid_problem,,,,,,,1.1950295857988165,0.5132719608866042,2.7823372787939924,0.022222222222222213,0.9179607830111032
false_negative vs true_positive,liver_condition,,,,,,,1.2035087719298245,0.2859125506083793,5.066001338626038,0.0022456700312351624,1.0
false_positive vs true_negative,age,1173.0,4000.0,69.27536231884058,42.833,1.9862459006932103,0.0,,,,,
false_positive vs true_negative,pulse_pressure,1122.0,3821.0,65.78163992869875,49.296083049812445,1.0374309368929184,1.7919702565103758e-117,,,,,
false_positive vs true_negative,sbp,1129.0,3827.0,133.3153232949513,121.71448480097553,0.6594191046376509,3.22978620594537e-66,,,,,
false_positive vs true_negative,ldl,489.0,1790.0,97.9959100204499,117.07262569832402,-0.5398893328709602,1.6418666211533427e-27,,,,,
false_positive vs true_negative,waist,1068.0,3785.0,105.89213483146067,97.34391017173051,0.5309537455411066,1.4494111646027434e-52,,,,,
false_positive vs true_negative,total_chol,1106.0,3768.0,175.84719710669077,195.78529723991508,-0.4911375061156021,3.07333178084885e-48,,,,,
false_positive vs true_negative,dbp,1122.0,3821.0,67.51812240047535,72.41516182500219,-0.4364188717862056,4.408521609588561e-35,,,,,
false_positive vs true_negative,pulse,1137.0,3836.0,69.47581354441513,73.38998957247132,-0.3335104777049332,7.186174913674437e-23,,,,,
false_positive vs true_negative,hdl,1106.0,3768.0,50.15280289330922,54.31581740976645,-0.25882492744081315,3.7643248439329396e-16,,,,,
false_positive vs true_negative,income_poverty_ratio,1045.0,3610.0,2.2352631578947366,2.5723351800554015,-0.2059771360049829,1.0447239719241472e-09,,,,,
false_positive vs true_negative,triglycerides,504.0,1811.0,131.0654761904762,114.6046383213694,0.1810068772342277,0.004040214354776004,,,,,
false_positive vs true_negative,bmi,1154.0,3970.0,30.21221837088388,29.007959697733,0.1704477758989171,1.3364760630839756e-07,,,,,
false_positive vs true_negative,weight,1157.0,3972.0,83.41573033707866,80.98320745216517,0.11058228422098047,0.0006555142885596257,,,,,
false_positive vs true_negative,height,1157.0,3971.0,165.85453759723424,166.8107957693276,-0.0935530127180198,0.006021374653229444,,,,,
false_positive vs true_negative,arm_circ,1083.0,3826.0,33.23028624192059,33.20088865656037,0.005610270760074638,0.8667638559016004,,,,,
false_positive vs true_negative,arthritis,,,,,,,8.135344973219858,7.033109049439709,9.410324419549006,0.4247482306254858,9.497421250170111e-204
false_positive vs true_negative,marital,,,,,,,,,,0.3403081346671463,4.509120975697593e-127
false_positive vs true_negative,cancer_ever,,,,,,,5.289421276539436,4.348978748505095,6.433229284076207,0.251242927377315,1.603540153984055e-72
false_positive vs true_negative,gout,,,,,,,9.954129868714508,7.3876185216348915,13.412265556628487,0.2511481667438733,2.958037396672251e-72
false_positive vs true_negative,emphysema,,,,,,,39.25066422354558,18.517040239025707,83.19983226814986,0.21661103490514633,8.246616330622327e-54
false_positive vs true_negative,race_eth,,,,,,,,,,0.17958032640877572,3.471377112667908e-34
false_positive vs true_negative,pulse_regular,,,,,,,0.14381404449971524,0.10025056352112333,0.2063078617110034,0.1711823921479018,5.0874509402763554e-33
false_positive vs true_negative,fam_hist_mi,,,,,,,2.9124265860324474,2.429842953488927,3.490854668960922,0.16818562405421053,1.3855607471194847e-32
false_positive vs true_negative,education,,,,,,,,,,0.15519157944800585,6.217116474326319e-26
false_positive vs true_negative,bronchitis,,,,,,,3.5119516632230554,2.7573805547043304,4.47301496479064,0.14922292202200116,1.7352416903756703e-26
false_positive vs true_negative,thyroid_problem,,,,,,,2.452363460648575,2.028170626753908,2.965276423882449,0.13184098463845814,4.598519358809773e-21
false_positive vs true_negative,born_us,,,,,,,2.062304694405387,1.7685587228446549,2.4048399397932103,0.13027135517892832,1.0531601064757172e-20
false_positive vs true_negative,told_overweight,,,,,,,1.7786429859622277,1.558022605068785,2.0305038330127183,0.11929835348800034,1.314682744085509e-17
false_positive vs true_negative,liver_condition,,,,,,,2.918096574599732,2.2329892311254285,3.8134029040520625,0.11339354251590297,7.090639864408808e-16
false_positive vs true_negative,sex,,,,,,,1.7009918792273604,1.4914105133972158,1.9400247934465369,0.1107348856522964,2.1703852458255913e-15
false_positive vs true_negative,fam_hist_diabetes,,,,,,,1.5653999614011551,1.371513433284493,1.78669561645222,0.09362244175063046,3.2457664774663774e-11
false_positive vs true_negative,anemia_treated,,,,,,,2.1425290721773136,1.6059361562049201,2.858414269701038,0.07320514611468615,2.2376181149718112e-07
false_positive vs true_negative,asthma_ever,,,,,,,1.4068575267050722,1.1806400080939408,1.6764196426327005,0.05305134690771476,0.00016538993880528655
false_positive vs true_negative,fam_hist_asthma,,,,,,,0.9201090850860436,0.7816680905536761,1.0830693214791545,0.014261822803308915,0.330336490597837
