feature,importance_logistic_regression,rank_logistic_regression,importance_random_forest,rank_random_forest,importance_gradient_boosting,rank_gradient_boosting,rank_spread,mean_rank
age,0.13643125231695563,1.0,0.11192245368602585,1.0,0.14295750043804473,1.0,0.0,1.0
sex,0.021811302315632927,2.0,0.021117876779330795,3.0,0.010277481408739329,5.0,3.0,3.3333333333333335
total_chol,0.012138037954413202,7.0,0.04089108622786755,2.0,0.058698979233056725,2.0,5.0,3.6666666666666665
pulse,0.012930529524659205,6.0,0.010433573381158107,6.0,0.012042493339123564,3.0,3.0,5.0
dbp,0.013936100285316742,5.0,0.010532712932819575,5.0,0.009881074596699655,6.0,1.0,5.333333333333333
fam_hist_mi,0.014994364435475867,3.0,0.006734503770128821,8.0,0.006702127448678874,7.0,5.0,6.0
race_eth,0.0027694994544306094,14.0,0.014060403765663067,4.0,0.01042900698411938,4.0,10.0,7.333333333333333
waist,0.014207275621232519,4.0,0.0038115463514663793,11.0,0.003051674366614531,11.0,7.0,8.666666666666666
fam_hist_diabetes,0.00628444194959734,10.0,0.0012459501989920824,16.0,0.00149986739437687,14.0,6.0,13.333333333333334
hdl,0.0014355122728794134,17.0,0.001105210134333838,17.0,0.005426918303691897,8.0,9.0,14.0
pulse_pressure,-0.00010959032191863033,24.0,0.005063837924899714,10.0,0.003916038778160505,9.0,15.0,14.333333333333334
height,0.00018493122919246985,21.0,0.00180737566605162,14.0,0.00346964165900324,10.0,11.0,15.0
told_overweight,0.006804744557618609,9.0,0.0028794764873778175,12.0,-0.0001875580045312096,27.0,18.0,16.0
ldl,0.004877367074486501,11.0,0.008466069062285357,7.0,-0.0008862967519989787,31.0,24.0,16.333333333333332
sbp,0.004043220911915446,13.0,0.0006189042709513967,20.0,0.0006236771901365831,17.0,7.0,16.666666666666668
triglycerides,0.01100290274862456,8.0,-0.0025194276573335256,34.0,0.002137390894099745,12.0,26.0,18.0
weight,0.0012888889668007941,19.0,0.0009529319619723739,19.0,0.0005685885580513153,18.0,1.0,18.666666666666668
arthritis,0.0044513398262160525,12.0,-0.0005901571712875579,31.0,0.0006545903770887943,16.0,19.0,19.666666666666668
born_us,0.0007951151009594828,20.0,0.0005565995739942459,21.0,0.0004702613525793646,19.0,2.0,20.0
asthma_ever,0.0023387949630765403,16.0,0.00014491399307075756,24.0,0.00038407964888196103,20.0,8.0,20.0
income_poverty_ratio,-0.004679450107608136,32.0,0.002536957096265228,13.0,0.0008691881021626845,15.0,19.0,20.0
anemia_treated,0.0026536791954288215,15.0,0.00018068416389092207,23.0,0.0,23.0,8.0,20.333333333333332
bmi,0.0013968867160138558,18.0,-0.001226088973601474,32.0,0.0018007680831311004,13.0,19.0,21.0
thyroid_problem,1.8557958690934573e-05,23.0,0.001080736464001187,18.0,0.0,23.0,5.0,21.333333333333332
marital,-0.00026858329476622117,26.0,0.006708680957190339,9.0,-0.0011255459053437014,33.0,24.0,22.666666666666668
education,-0.00015903535696459511,25.0,0.0014143720975083665,15.0,-0.0006117901746073122,29.0,14.0,23.0
pulse_regular,-0.00034333307063211596,27.0,-4.8292955314652164e-05,26.0,0.0,23.0,4.0,25.333333333333332
gout,5.482893826950705e-05,22.0,-0.0005041302216225035,29.0,-8.252549272833032e-05,26.0,7.0,25.666666666666668
cancer_ever,-0.000757271234562179,30.0,0.0002853410193269963,22.0,-4.280462729624318e-06,25.0,8.0,25.666666666666668
liver_condition,-0.001253442353357278,31.0,-0.00011846171663646918,27.0,9.759986055882242e-05,21.0,10.0,26.333333333333332
arm_circ,-0.00036143040923042324,28.0,4.298769055598867e-05,25.0,-0.00025114799393146855,28.0,3.0,27.0
fam_hist_asthma,-0.0007203749801469143,29.0,-0.0005785404395230037,30.0,-0.0008738271886746009,30.0,1.0,29.666666666666668
bronchitis,-0.005388493499328909,33.0,-0.0001593324197026666,28.0,-0.001034560928759233,32.0,5.0,31.0
emphysema,-0.013346559570177146,34.0,-0.0015607170011883234,33.0,-0.007725257753744084,34.0,1.0,33.666666666666664
