feature,importance_mean,importance_sd,scoring,model
age,0.13643125231695563,0.01135954062331413,average_precision,logistic_regression
sex,0.021811302315632927,0.005257976564208014,average_precision,logistic_regression
fam_hist_mi,0.014994364435475867,0.005449505697099268,average_precision,logistic_regression
waist,0.014207275621232519,0.005600812452003,average_precision,logistic_regression
dbp,0.013936100285316742,0.002953846017982354,average_precision,logistic_regression
pulse,0.012930529524659205,0.0020864498024384015,average_precision,logistic_regression
total_chol,0.012138037954413202,0.006653795224304855,average_precision,logistic_regression
triglycerides,0.01100290274862456,0.00312134751804645,average_precision,logistic_regression
told_overweight,0.006804744557618609,0.0030638645996253753,average_precision,logistic_regression
fam_hist_diabetes,0.00628444194959734,0.002612674343322057,average_precision,logistic_regression
ldl,0.004877367074486501,0.004358405679033736,average_precision,logistic_regression
arthritis,0.0044513398262160525,0.004526835857430912,average_precision,logistic_regression
sbp,0.004043220911915446,0.006262102213208931,average_precision,logistic_regression
race_eth,0.0027694994544306094,0.005817817314979881,average_precision,logistic_regression
anemia_treated,0.0026536791954288215,0.0016164324494311317,average_precision,logistic_regression
asthma_ever,0.0023387949630765403,0.002728537409826035,average_precision,logistic_regression
hdl,0.0014355122728794134,0.0032715895815431687,average_precision,logistic_regression
bmi,0.0013968867160138558,0.0014395109707303914,average_precision,logistic_regression
weight,0.0012888889668007941,0.0015032814813099363,average_precision,logistic_regression
born_us,0.0007951151009594828,0.004073721443715037,average_precision,logistic_regression
height,0.00018493122919246985,0.0006682903283648883,average_precision,logistic_regression
gout,5.482893826950705e-05,0.0017145735899351767,average_precision,logistic_regression
thyroid_problem,1.8557958690934573e-05,0.0003011016170968955,average_precision,logistic_regression
pulse_pressure,-0.00010959032191863033,0.004590563089968688,average_precision,logistic_regression
education,-0.00015903535696459511,0.0014011618497167726,average_precision,logistic_regression
marital,-0.00026858329476622117,0.0021440082076869655,average_precision,logistic_regression
pulse_regular,-0.00034333307063211596,0.00015406376907237175,average_precision,logistic_regression
arm_circ,-0.00036143040923042324,0.0013719776582060902,average_precision,logistic_regression
fam_hist_asthma,-0.0007203749801469143,0.0002665224135000747,average_precision,logistic_regression
cancer_ever,-0.000757271234562179,0.00014610482097575413,average_precision,logistic_regression
liver_condition,-0.001253442353357278,0.0008141970212192574,average_precision,logistic_regression
income_poverty_ratio,-0.004679450107608136,0.004512295105280337,average_precision,logistic_regression
bronchitis,-0.005388493499328909,0.0027819994534680815,average_precision,logistic_regression
emphysema,-0.013346559570177146,0.002701949997809525,average_precision,logistic_regression
age,0.11192245368602585,0.012807391631430463,average_precision,random_forest
total_chol,0.04089108622786755,0.014611836881630253,average_precision,random_forest
sex,0.021117876779330795,0.01126142404807648,average_precision,random_forest
race_eth,0.014060403765663067,0.011688294833388402,average_precision,random_forest
dbp,0.010532712932819575,0.005580473417282863,average_precision,random_forest
pulse,0.010433573381158107,0.0029692581758437894,average_precision,random_forest
ldl,0.008466069062285357,0.004101671770146858,average_precision,random_forest
fam_hist_mi,0.006734503770128821,0.002055242962449519,average_precision,random_forest
marital,0.006708680957190339,0.004198343275830618,average_precision,random_forest
pulse_pressure,0.005063837924899714,0.003790943978910811,average_precision,random_forest
waist,0.0038115463514663793,0.008337708147392119,average_precision,random_forest
told_overweight,0.0028794764873778175,0.0010845638128695295,average_precision,random_forest
income_poverty_ratio,0.002536957096265228,0.0029429645961119434,average_precision,random_forest
height,0.00180737566605162,0.004352688745348966,average_precision,random_forest
education,0.0014143720975083665,0.0016965233965668335,average_precision,random_forest
fam_hist_diabetes,0.0012459501989920824,0.0017754348438375506,average_precision,random_forest
hdl,0.001105210134333838,0.005337700572636756,average_precision,random_forest
thyroid_problem,0.001080736464001187,0.00043323940022965284,average_precision,random_forest
weight,0.0009529319619723739,0.0030208148761767294,average_precision,random_forest
sbp,0.0006189042709513967,0.001976308889772364,average_precision,random_forest
born_us,0.0005565995739942459,0.003318888427520558,average_precision,random_forest
cancer_ever,0.0002853410193269963,0.0004775825381216095,average_precision,random_forest
anemia_treated,0.00018068416389092207,0.00011222989656681593,average_precision,random_forest
asthma_ever,0.00014491399307075756,0.00041867735017242974,average_precision,random_forest
arm_circ,4.298769055598867e-05,0.0019314864994751945,average_precision,random_forest
pulse_regular,-4.8292955314652164e-05,5.718665771859569e-05,average_precision,random_forest
liver_condition,-0.00011846171663646918,8.074106782416251e-05,average_precision,random_forest
bronchitis,-0.0001593324197026666,0.0009539772637968623,average_precision,random_forest
gout,-0.0005041302216225035,0.00044032088671326907,average_precision,random_forest
fam_hist_asthma,-0.0005785404395230037,0.0009482277200791427,average_precision,random_forest
arthritis,-0.0005901571712875579,0.009618072000210441,average_precision,random_forest
bmi,-0.001226088973601474,0.0016956725874253808,average_precision,random_forest
emphysema,-0.0015607170011883234,0.000266052908062059,average_precision,random_forest
triglycerides,-0.0025194276573335256,0.0021829860160834467,average_precision,random_forest
age,0.14295750043804473,0.009362941924572377,average_precision,gradient_boosting
total_chol,0.058698979233056725,0.013665525401917983,average_precision,gradient_boosting
pulse,0.012042493339123564,0.0026593524793144816,average_precision,gradient_boosting
race_eth,0.01042900698411938,0.009419927229524934,average_precision,gradient_boosting
sex,0.010277481408739329,0.005494963615159727,average_precision,gradient_boosting
dbp,0.009881074596699655,0.002911133949166683,average_precision,gradient_boosting
fam_hist_mi,0.006702127448678874,0.002950770179225369,average_precision,gradient_boosting
hdl,0.005426918303691897,0.00611604794780147,average_precision,gradient_boosting
pulse_pressure,0.003916038778160505,0.0035069147670047413,average_precision,gradient_boosting
height,0.00346964165900324,0.0034607067712537705,average_precision,gradient_boosting
waist,0.003051674366614531,0.0015506368359236113,average_precision,gradient_boosting
triglycerides,0.002137390894099745,0.0007718919349500767,average_precision,gradient_boosting
bmi,0.0018007680831311004,0.0011072739591425158,average_precision,gradient_boosting
fam_hist_diabetes,0.00149986739437687,0.0035542671182531415,average_precision,gradient_boosting
income_poverty_ratio,0.0008691881021626845,0.0020556990271389138,average_precision,gradient_boosting
arthritis,0.0006545903770887943,0.003031752577159885,average_precision,gradient_boosting
sbp,0.0006236771901365831,0.003141434919142152,average_precision,gradient_boosting
weight,0.0005685885580513153,0.0012213295694872607,average_precision,gradient_boosting
born_us,0.0004702613525793646,0.004819673199958959,average_precision,gradient_boosting
asthma_ever,0.00038407964888196103,0.000609284832940336,average_precision,gradient_boosting
liver_condition,9.759986055882242e-05,0.00016647767517088358,average_precision,gradient_boosting
anemia_treated,0.0,0.0,average_precision,gradient_boosting
pulse_regular,0.0,0.0,average_precision,gradient_boosting
thyroid_problem,0.0,0.0,average_precision,gradient_boosting
cancer_ever,-4.280462729624318e-06,2.5758575681138447e-05,average_precision,gradient_boosting
gout,-8.252549272833032e-05,0.0006154761218853329,average_precision,gradient_boosting
told_overweight,-0.0001875580045312096,0.0010217372674674154,average_precision,gradient_boosting
arm_circ,-0.00025114799393146855,0.0007400093357790402,average_precision,gradient_boosting
education,-0.0006117901746073122,0.0016241829164898157,average_precision,gradient_boosting
fam_hist_asthma,-0.0008738271886746009,0.0017717810738498937,average_precision,gradient_boosting
ldl,-0.0008862967519989787,0.0021108725997897137,average_precision,gradient_boosting
bronchitis,-0.001034560928759233,0.00206436662331249,average_precision,gradient_boosting
marital,-0.0011255459053437014,0.001114429609695029,average_precision,gradient_boosting
emphysema,-0.007725257753744084,0.0014996272214883193,average_precision,gradient_boosting
