cycle,file,found,path,n_rows,n_cols,unique_seqn,registry_vars_present,registry_vars_missing
2011-2012,DEMO,True,2011-2012 NHANES/DEMO_G.XPT,9756,48,True,SEQN;SDDSRVYR;RIDSTATR;WTINT2YR;WTMEC2YR;SDMVPSU;SDMVSTRA;RIDAGEYR;RIAGENDR;RIDRETH3;DMDEDUC2;DMDMARTL;INDFMPIR;DMDBORN4,
2011-2012,MCQ,True,2011-2012 NHANES/MCQ_G.XPT,9364,92,True,MCQ160C;MCQ010;MCQ035;MCQ053;MCQ080;MCQ160A;MCQ160G;MCQ160K;MCQ160L;MCQ160M;MCQ160N;MCQ220;MCQ300A;MCQ300B;MCQ300C;MCQ160B;MCQ160D;MCQ160E;MCQ160F;MCQ180C,
2011-2012,BPX,True,2011-2012 NHANES/BPX_G.XPT,9338,27,True,BPXSY1;BPXSY2;BPXSY3;BPXSY4;BPXDI1;BPXDI2;BPXDI3;BPXDI4;BPXPLS;BPXPULS,
2011-2012,BMX,True,2011-2012 NHANES/BMX_G.XPT,9338,26,True,BMXBMI;BMXWAIST;BMXHT;BMXWT;BMXARMC,
2011-2012,TCHOL,True,2011-2012 NHANES/TCHOL_G.XPT,7821,3,True,LBXTC,
2011-2012,HDL,True,2011-2012 NHANES/HDL_G.XPT,7821,3,True,LBDHDD,
2011-2012,TRIGLY,True,2011-2012 NHANES/TRIGLY_G.XPT,3239,6,True,LBXTR;LBDLDL,
2013-2014,DEMO,True,2013-2014 NHANES/DEMO_H.XPT,10175,47,True,SEQN;SDDSRVYR;RIDSTATR;WTINT2YR;WTMEC2YR;SDMVPSU;SDMVSTRA;RIDAGEYR;RIAGENDR;RIDRETH3;DMDEDUC2;DMDMARTL;INDFMPIR;DMDBORN4,
2013-2014,MCQ,True,2013-2014 NHANES/MCQ_H.XPT,9770,95,True,MCQ160C;MCQ010;MCQ035;MCQ053;MCQ080;MCQ160A;MCQ160G;MCQ160K;MCQ160L;MCQ160M;MCQ160N;MCQ220;MCQ300A;MCQ300B;MCQ300C;MCQ160B;MCQ160D;MCQ160E;MCQ160F;MCQ180C,
2013-2014,BPX,True,2013-2014 NHANES/BPX_H.XPT,9813,23,True,BPXSY1;BPXSY2;BPXSY3;BPXSY4;BPXDI1;BPXDI2;BPXDI3;BPXDI4;BPXPLS;BPXPULS,
2013-2014,BMX,True,2013-2014 NHANES/BMX_H.XPT,9813,26,True,BMXBMI;BMXWAIST;BMXHT;BMXWT;BMXARMC,
2013-2014,TCHOL,True,2013-2014 NHANES/TCHOL_H.XPT,8291,3,True,LBXTC,
2013-2014,HDL,True,2013-2014 NHANES/HDL_H.XPT,8291,3,True,LBDHDD,
2013-2014,TRIGLY,True,2013-2014 NHANES/TRIGLY_H.XPT,3329,6,True,LBXTR;LBDLDL,
2015-2016,DEMO,True,2015-2016 NHANES/DEMO_I.XPT,9971,47,True,SEQN;SDDSRVYR;RIDSTATR;WTINT2YR;WTMEC2YR;SDMVPSU;SDMVSTRA;RIDAGEYR;RIAGENDR;RIDRETH3;DMDEDUC2;DMDMARTL;INDFMPIR;DMDBORN4,
2015-2016,MCQ,True,2015-2016 NHANES/MCQ_I.XPT,9575,90,True,MCQ160C;MCQ010;MCQ035;MCQ053;MCQ080;MCQ160A;MCQ160G;MCQ160K;MCQ160L;MCQ160M;MCQ160N;MCQ220;MCQ300A;MCQ300B;MCQ300C;MCQ160B;MCQ160D;MCQ160E;MCQ160F;MCQ180C,
2015-2016,BPX,True,2015-2016 NHANES/BPX_I.XPT,9544,21,True,BPXSY1;BPXSY2;BPXSY3;BPXSY4;BPXDI1;BPXDI2;BPXDI3;BPXDI4;BPXPLS;BPXPULS,
2015-2016,BMX,True,2015-2016 NHANES/BMX_I.XPT,9544,26,True,BMXBMI;BMXWAIST;BMXHT;BMXWT;BMXARMC,
2015-2016,TCHOL,True,2015-2016 NHANES/TCHOL_I.XPT,8021,3,True,LBXTC,
2015-2016,HDL,True,2015-2016 NHANES/HDL_I.XPT,8021,3,True,LBDHDD,
2015-2016,TRIGLY,True,2015-2016 NHANES/TRIGLY_I.XPT,3191,6,True,LBXTR;LBDLDL,
2017-2018,DEMO,True,2017-2018 NHANES/DEMO_J.XPT,9254,46,True,SEQN;SDDSRVYR;RIDSTATR;WTINT2YR;WTMEC2YR;SDMVPSU;SDMVSTRA;RIDAGEYR;RIAGENDR;RIDRETH3;DMDEDUC2;DMDMARTL;INDFMPIR;DMDBORN4,
2017-2018,MCQ,True,2017-2018 NHANES/MCQ_J.XPT,8897,76,True,MCQ160C;MCQ010;MCQ035;MCQ053;MCQ080;MCQ160A;MCQ160G;MCQ160K;MCQ160L;MCQ160M;MCQ160N;MCQ220;MCQ300A;MCQ300B;MCQ300C;MCQ160B;MCQ160D;MCQ160E;MCQ160F,MCQ180C
2017-2018,BPX,True,2017-2018 NHANES/BPX_J.XPT,8704,21,True,BPXSY1;BPXSY2;BPXSY3;BPXSY4;BPXDI1;BPXDI2;BPXDI3;BPXDI4;BPXPLS;BPXPULS,
2017-2018,BMX,True,2017-2018 NHANES/BMX_J.XPT,8704,21,True,BMXBMI;BMXWAIST;BMXHT;BMXWT;BMXARMC,
2017-2018,TCHOL,True,2017-2018 NHANES/TCHOL_J.XPT,7435,3,True,LBXTC,
2017-2018,HDL,True,2017-2018 NHANES/HDL_J.XPT,7435,3,True,LBDHDD,
2017-2018,TRIGLY,True,2017-2018 NHANES/TRIGLY_J.XPT,3036,10,True,LBXTR;LBDLDL,
