variable,meaning,category,decision,reason,n_used,auc_alone,odds_ratio,or_ci_low,or_ci_high,missing_pct,missing_vs_target_p
mcq160c_raw,ever told had coronary heart disease,the target itself,exclude,This is the source of the outcome. Keeping it would be circular.,,,,,,,
age_told_chd,age when first told had coronary heart disease,derived from the diagnosis,exclude,"MCQ180C asks at what age the participant was told they had CHD. It is only recorded for people who answered yes, so it is a direct restatement of the label. It is also absent from the 2017-2018 file.",628.0,,,,,0.9708854891052388,0.0
angina,ever told had angina / angina pectoris,"same questionnaire block, overlapping clinical entity",exclude from the main model,"Angina is asked in the same MCQ160 series, in the same interview, and in clinical terms angina is a presentation of coronary disease rather than a separate risk factor. A model using it would mostly be predicting one self-report from a neighbouring self-report.",21520.0,0.6383601849555318,30.3551912568306,25.134411055805405,36.66040291108936,0.0023180343069077423,1.3281891731545072e-11
heart_attack,ever told had a heart attack (myocardial infarction),"same questionnaire block, overlapping clinical entity",exclude from the main model,"Myocardial infarction is part of coronary heart disease. Someone reporting a heart attack has, by definition, coronary disease, so this is close to a second label rather than a predictor.",21551.0,0.7436479840499159,47.634220442305036,40.49093178186211,56.03770664923339,0.000880853036624942,0.4011823329108404
chf,ever told had congestive heart failure,"same questionnaire block, downstream condition",exclude from the main model,Heart failure is frequently a consequence of coronary disease and is asked in the same block. It is kept for the sensitivity model but not used in the main one.,21534.0,0.6602485170102856,24.69651426543429,20.83520055220478,29.273431534032344,0.0016689847009735744,1.4675548916463163e-20
stroke,ever told had a stroke,"same questionnaire block, different vascular territory",exclude from the main model,"Stroke is a different event from CHD, so this is a weaker case than angina or MI. It is still excluded from the main model for consistency: the whole MCQ160 cardiovascular block is treated the same way, and its effect is quantified in the sensitivity model.",21552.0,0.5780388823746795,6.845320994794679,5.688249488814563,8.237757435555476,0.0008344923504867872,0.0355095104809749
told_overweight,doctor ever said you were overweight,strongly related but legitimate,include,"Being told by a doctor that you are overweight reflects contact with the health system and body size. It is not a statement about heart disease, so it stays.",21556.0,0.5646297200091455,1.706892363392451,1.4910631083686632,1.9539625947791295,0.0006490496059341678,1.0
fam_hist_mi,close relative had a heart attack before age 50,"risk factor, not an outcome",include,Family history of early heart attack is a classic risk factor and says nothing about the participant's own diagnosis.,21060.0,0.5721067766579914,2.708373921600951,2.30875438861965,3.177163121103458,0.02364394993045897,0.008237457154958185
asthma_still,still has asthma (asked only of asthma cases),conditional question,include with caution,"MCQ035 is only asked of participants who reported asthma, so it is missing by design for everyone else. It is kept but its missingness is structural, which the missingness analysis records.",3166.0,0.5602670682730924,1.7032014235084778,1.207440405990933,2.402516161168694,0.8532220676866018,0.00043504611571001803
triglycerides,"triglycerides (mg/dL), fasting sub-sample",sub-sample measurement,include with a missing indicator,"Measured only in the fasting sub-sample. Fasting status is set by the survey session, not by the participant's heart disease, so the missingness is a survey feature. The indicator makes that explicit.",9599.0,0.5639697478109014,,,,0.5549837737598516,0.35217328855718677
ldl,"LDL cholesterol (mg/dL), fasting sub-sample",sub-sample measurement,include with a missing indicator,Same fasting sub-sample as triglycerides.,9465.0,0.6809353597726076,,,,0.5611961057023644,0.5366243821878351
wt_int,2-year interview sample weight,survey design,exclude from predictors,"Sample weights describe the sampling design, not the participant. They are kept aside for the weighted descriptive estimates.",,,,,,,
wt_mec,2-year MEC examination sample weight,survey design,exclude from predictors,Same as the interview weight.,,,,,,,
psu,masked variance PSU,survey design,exclude from predictors,"Masked variance unit, meaningless as a predictor.",,,,,,,
stratum,masked variance stratum,survey design,exclude from predictors,"Masked variance stratum, meaningless as a predictor.",,,,,,,
sddsrvyr,NHANES cycle number,survey administration,exclude from predictors,"The cycle number is kept as a grouping variable for the temporal checks, but a model should not learn from which survey round a person happened to be sampled in.",,,,,,,
exam_status,interview only (1) vs interview + MEC examination (2),eligibility flag,exclude from predictors,"Used to define the cohort, so it is constant after selection.",,,,,,,
seqn,participant identifier,identifier,exclude from predictors,Sequence number carries no information about the person.,,,,,,,
