variable,n_used,auc_alone,odds_ratio,or_ci_low,or_ci_high,missing_pct,missing_vs_target_p
age,21570,0.8197618161048803,,,,0.0,
heart_attack,21551,0.7436479840499159,47.634220442305036,40.49093178186211,56.03770664923339,0.000880853036624942,0.4011823329108404
pulse_pressure,20655,0.68852491100579,,,,0.04242002781641168,0.8473312652369602
ldl,9465,0.6809353597726076,,,,0.5611961057023644,0.5366243821878351
total_chol,20279,0.6605188014872998,,,,0.0598516458043579,1.0
chf,21534,0.6602485170102856,24.69651426543429,20.83520055220478,29.273431534032344,0.0016689847009735744,1.4675548916463163e-20
arthritis,21527,0.6582755138517714,3.897908171718018,3.398453156988359,4.470765790578217,0.0019935095039406584,1.0
angina,21520,0.6383601849555318,30.3551912568306,25.134411055805405,36.66040291108936,0.0023180343069077423,1.3281891731545072e-11
waist,20234,0.6297220758809547,,,,0.06193787668057487,2.7550082995634136e-08
dbp,20655,0.620621336815136,,,,0.04242002781641168,0.8473312652369602
sbp,20708,0.6132762474111233,,,,0.039962911451089475,0.7642879162265597
pulse,20750,0.6024248891516406,,,,0.03801576263328697,0.7201068415795333
hdl,20279,0.5947409469652095,,,,0.0598516458043579,1.0
stroke,21552,0.5780388823746795,6.845320994794679,5.688249488814563,8.237757435555476,0.0008344923504867872,0.0355095104809749
fam_hist_mi,21060,0.5721067766579914,2.708373921600951,2.30875438861965,3.177163121103458,0.02364394993045897,0.008237457154958185
marital,21557,0.5719693925346006,,,,0.000602688919796013,0.9653756459024
cancer_ever,21561,0.5681235466458013,2.96318088174051,2.5129336565295914,3.4940997805880873,0.0004172461752433936,0.8235095268314376
told_overweight,21556,0.5646297200091455,1.706892363392451,1.4910631083686632,1.9539625947791295,0.0006490496059341678,1.0
triglycerides,9599,0.5639697478109014,,,,0.5549837737598516,0.35217328855718677
born_us,21559,0.5608015131535827,1.903891761901439,1.6085225654805273,2.253498905657751,0.0005099675475197032,1.0
asthma_still,3166,0.5602670682730924,1.7032014235084778,1.207440405990933,2.402516161168694,0.8532220676866018,0.00043504611571001803
fam_hist_diabetes,21183,0.5600072649884581,1.6199052146651258,1.4127069735997873,1.8574927097674676,0.017941585535465925,0.6607497656926048
gout,21553,0.5515156297616732,3.7716219406336444,3.093960070500814,4.597710293257437,0.0007881316643486324,0.3233399460801304
education,21548,0.5474971464450975,,,,0.0010199350950394065,1.0
thyroid_problem,21525,0.5431564725575515,2.0420225884836958,1.714909341090883,2.4315315987637782,0.002086230876216968,1.0
bmi,21264,0.5420386872424044,,,,0.014186369958275382,7.586337077093786e-07
bronchitis,21535,0.541468470104091,2.770772287171073,2.2669314295077023,3.386595186525969,0.0016226240148354196,1.0
weight,21302,0.5412200953769585,,,,0.012424663885025498,2.7341970157718577e-07
emphysema,21545,0.5330414828866377,5.521874031568412,4.241953383840638,7.187983945477296,0.0011590171534538712,0.012199957728417726
race_eth,21570,0.528974254634976,,,,0.0,
pulse_regular,20764,0.5284981443663013,0.28754287956671837,0.22186664166999792,0.3726603826838421,0.0373667130273528,0.6606918288145092
income_poverty_ratio,19445,0.5282980571791756,,,,0.09851645804357904,0.5100355180583096
anemia_treated,21544,0.5247397759395722,2.285652769483494,1.8021384102689926,2.898894198624725,0.001205377839592026,0.1539386821342594
asthma_ever,21553,0.5228231927459182,1.386377286588267,1.1678732221696795,1.6457625230905364,0.0007881316643486324,1.0
height,21306,0.5213664225487284,,,,0.01223922114047288,1.7729330828886054e-05
liver_condition,21536,0.5159428142587709,1.806536269788824,1.3945932751671126,2.3401613589965495,0.0015762633286972648,0.06712596430515734
fam_hist_asthma,21111,0.5137432121766379,0.8429216542121337,0.7059696236700793,1.0064411999003595,0.021279554937413073,7.54113140108132e-07
n_bp_readings,21570,0.5006979477543464,,,,0.0,
arm_circ,20468,0.5001539414009216,,,,0.051089476124246636,8.536336659532416e-06
sex,21570,,,,,0.0,
age_told_chd,628,,,,,0.9708854891052388,0.0
