feature,coefficient,std_error,odds_ratio,or_ci_low,or_ci_high,note
age,1.1513385308582873,0.08389807599449865,3.1624230788301895,2.6829000077025036,3.7276528013737207,"coefficients are on standardised inputs, so an odds ratio is per one standard deviation for continuous variables"
sex_Male,0.9244570479665029,0.1387095279171962,2.520499378510195,1.9205015449371976,3.307946892215608,"coefficients are on standardised inputs, so an odds ratio is per one standard deviation for continuous variables"
race_eth_7.0,0.5626303597769953,0.2765029583101418,1.7552834604070535,1.0208999696754775,3.017945066016557,"coefficients are on standardised inputs, so an odds ratio is per one standard deviation for continuous variables"
race_eth_3.0,0.5320827015754633,0.18522855961301085,1.7024743648570215,1.1841612578946912,2.4476556243263605,"coefficients are on standardised inputs, so an odds ratio is per one standard deviation for continuous variables"
missingindicator_ldl,0.5185910351183717,0.31541802183678846,1.6796594005922276,0.9051738197687323,3.116810981915782,"coefficients are on standardised inputs, so an odds ratio is per one standard deviation for continuous variables"
missingindicator_triglycerides,-0.442634197040039,0.32267268895728074,0.6423421347707615,0.341272954982848,1.2090129384046742,"coefficients are on standardised inputs, so an odds ratio is per one standard deviation for continuous variables"
race_eth_2.0,0.413942145793971,0.21239202385414413,1.5127696042682834,0.9976565292649463,2.293847439944206,"coefficients are on standardised inputs, so an odds ratio is per one standard deviation for continuous variables"
sbp,0.40149536014891524,0.2609199668560524,1.4940571816110662,0.8959167575090033,2.4915337761177776,"coefficients are on standardised inputs, so an odds ratio is per one standard deviation for continuous variables"
pulse_pressure,-0.38198055833276007,0.2456606589828939,0.6825083221760925,0.42169395636136575,1.1046343036523099,"coefficients are on standardised inputs, so an odds ratio is per one standard deviation for continuous variables"
dbp,-0.3787004283214219,0.16924379112765697,0.6847507138642491,0.49143860588244737,0.9541040010392594,"coefficients are on standardised inputs, so an odds ratio is per one standard deviation for continuous variables"
race_eth_6.0,0.36342322689289275,0.24176137617612023,1.438244434172582,0.8954498418251164,2.310064680130239,"coefficients are on standardised inputs, so an odds ratio is per one standard deviation for continuous variables"
marital_4.0,0.3388650306429722,0.23355792455139376,1.40335392265327,0.887889037580221,2.2180724717511615,"coefficients are on standardised inputs, so an odds ratio is per one standard deviation for continuous variables"
total_chol,-0.30458406045614705,0.0634044919516763,0.7374300369238512,0.6512531398356434,0.835010268809993,"coefficients are on standardised inputs, so an odds ratio is per one standard deviation for continuous variables"
waist,0.25982823891265655,0.10603988012896215,1.2967073436737144,1.0533652866100502,1.596264806246462,"coefficients are on standardised inputs, so an odds ratio is per one standard deviation for continuous variables"
fam_hist_mi,0.25793568716084964,0.034305389552675807,1.2942555786967163,1.2100928880402204,1.3842718352807108,"coefficients are on standardised inputs, so an odds ratio is per one standard deviation for continuous variables"
bmi,-0.2283518218002927,0.3026762756171036,0.7958442152308888,0.4397287048983383,1.4403608585500436,"coefficients are on standardised inputs, so an odds ratio is per one standard deviation for continuous variables"
fam_hist_diabetes,0.19881659196161502,0.04503873139221765,1.2199581952403302,1.1168817811286147,1.332547475732043,"coefficients are on standardised inputs, so an odds ratio is per one standard deviation for continuous variables"
told_overweight,0.17352473144678907,0.05215342047702264,1.1894901042170576,1.0739076735044677,1.3175124295491125,"coefficients are on standardised inputs, so an odds ratio is per one standard deviation for continuous variables"
pulse,-0.1731015339317733,0.0464786042304042,0.8410522151709813,0.7678202687994032,0.9212687622196883,"coefficients are on standardised inputs, so an odds ratio is per one standard deviation for continuous variables"
height,-0.15824749934376295,0.1646245820189048,0.8536384808572942,0.6182195163771754,1.1787053573956898,"coefficients are on standardised inputs, so an odds ratio is per one standard deviation for continuous variables"
hdl,-0.15741357937627024,0.05774051344725994,0.8543506439337348,0.7629330588158143,0.9567222371028516,"coefficients are on standardised inputs, so an odds ratio is per one standard deviation for continuous variables"
arthritis,0.141005812723337,0.04247271520730094,1.1514313409171184,1.0594599433833949,1.251386747678499,"coefficients are on standardised inputs, so an odds ratio is per one standard deviation for continuous variables"
income_poverty_ratio,-0.1377807567177269,0.053916968726816256,0.8712896952195096,0.7839123875719359,0.9684063487592773,"coefficients are on standardised inputs, so an odds ratio is per one standard deviation for continuous variables"
marital_6.0,-0.12026007804898114,0.23862197720394868,0.8866897981736859,0.5554597368937104,1.415437962402193,"coefficients are on standardised inputs, so an odds ratio is per one standard deviation for continuous variables"
born_us,0.11851817714493312,0.0741420562222846,1.125827338242692,0.9735556868821416,1.3019154554926515,"coefficients are on standardised inputs, so an odds ratio is per one standard deviation for continuous variables"
bronchitis,0.09367646495672086,0.03351298220121271,1.0982043808318627,1.0283864493075126,1.1727623043753814,"coefficients are on standardised inputs, so an odds ratio is per one standard deviation for continuous variables"
emphysema,0.08385761048448655,0.02401120500376117,1.08747403788277,1.0374809885618759,1.1398761000028923,"coefficients are on standardised inputs, so an odds ratio is per one standard deviation for continuous variables"
anemia_treated,0.08328726794963057,0.03378941888485514,1.0868539820223377,1.0172063599301244,1.1612703427443734,"coefficients are on standardised inputs, so an odds ratio is per one standard deviation for continuous variables"
education_3.0,-0.08226729647309469,0.1626125204079982,0.921025738859341,0.6696582063942239,1.266748325551039,"coefficients are on standardised inputs, so an odds ratio is per one standard deviation for continuous variables"
marital_5.0,0.08056542252931168,0.17761995155980018,1.0838997557862415,0.7652370051159626,1.535261197170465,"coefficients are on standardised inputs, so an odds ratio is per one standard deviation for continuous variables"
ldl,-0.08014133130988879,0.060189842613224055,0.9229858903631987,0.8202768097426807,1.0385554530997738,"coefficients are on standardised inputs, so an odds ratio is per one standard deviation for continuous variables"
gout,0.07970501916570992,0.027817559867064977,1.0829675658777302,1.0255023620327317,1.1436528984861591,"coefficients are on standardised inputs, so an odds ratio is per one standard deviation for continuous variables"
weight,-0.07615074468935142,0.33804925103047406,0.9266765044681773,0.47772153609815016,1.7975520864040129,"coefficients are on standardised inputs, so an odds ratio is per one standard deviation for continuous variables"
asthma_ever,0.0738378287894339,0.04395702177149166,1.0766321925920024,0.9877576213187022,1.1735033505263786,"coefficients are on standardised inputs, so an odds ratio is per one standard deviation for continuous variables"
education_5.0,0.06717429850752862,0.1787322783021463,1.069481871024079,0.7534135739489,1.5181455604179783,"coefficients are on standardised inputs, so an odds ratio is per one standard deviation for continuous variables"
education_4.0,0.06667140225570617,0.1609896330095965,1.0689441678155454,0.7796826676358952,1.465521399073183,"coefficients are on standardised inputs, so an odds ratio is per one standard deviation for continuous variables"
marital_3.0,0.05453507974098629,0.13553711025752507,1.0560495217076415,0.809678797413737,1.37738643504217,"coefficients are on standardised inputs, so an odds ratio is per one standard deviation for continuous variables"
fam_hist_asthma,-0.05390928141174848,0.04776524643994826,0.9475180601037001,0.8628372737936577,1.040509608811105,"coefficients are on standardised inputs, so an odds ratio is per one standard deviation for continuous variables"
marital_2.0,0.042764550523725936,0.12984216233881782,1.043692129153845,0.8091863133297594,1.3461587801396462,"coefficients are on standardised inputs, so an odds ratio is per one standard deviation for continuous variables"
thyroid_problem,0.03850640556950482,0.03650644261930444,1.0392573853720783,0.9674938390897836,1.1163439697626636,"coefficients are on standardised inputs, so an odds ratio is per one standard deviation for continuous variables"
arm_circ,0.0355384716276001,0.09350078871672103,1.036177510796592,0.8626699773912418,1.2445823571227501,"coefficients are on standardised inputs, so an odds ratio is per one standard deviation for continuous variables"
liver_condition,0.0344642295922612,0.03331434390311471,1.035065003016718,0.9696385706884331,1.104906088574163,"coefficients are on standardised inputs, so an odds ratio is per one standard deviation for continuous variables"
triglycerides,0.022938048032955603,0.060694750718719666,1.0232031481359134,0.9084425189976999,1.1524611194006593,"coefficients are on standardised inputs, so an odds ratio is per one standard deviation for continuous variables"
race_eth_4.0,0.021520717815505082,0.20311678917351594,1.0217539586281073,0.6861985998742833,1.5213979628688736,"coefficients are on standardised inputs, so an odds ratio is per one standard deviation for continuous variables"
education_2.0,-0.017288956128582264,0.1747804919092382,0.982859640282112,0.6977749005566494,1.384419347449796,"coefficients are on standardised inputs, so an odds ratio is per one standard deviation for continuous variables"
cancer_ever,-0.014796793091056493,0.032452043012927104,0.9853121414957877,0.9245919283064672,1.050019999587557,"coefficients are on standardised inputs, so an odds ratio is per one standard deviation for continuous variables"
pulse_regular,-0.0004837865445751705,0.028000584023325666,0.9995163304612658,0.9461398089803074,1.0559040908927106,"coefficients are on standardised inputs, so an odds ratio is per one standard deviation for continuous variables"
