cycle,step,n_rows,matched,retention
2011-2012,demographics,9756,9756,1.0
2011-2012,after MCQ,9756,9363,0.9597170971709718
2011-2012,after BPX,9756,9028,0.9253792537925379
2011-2012,after BMX,9756,9262,0.9493644936449365
2011-2012,after TCHOL,9756,6988,0.7162771627716277
2011-2012,after HDL,9756,6989,0.716379663796638
2011-2012,after TRIGLY,9756,2990,0.3064780647806478
2013-2014,demographics,10175,10175,1.0
2013-2014,after MCQ,10175,9769,0.9600982800982801
2013-2014,after BPX,10175,9511,0.9347420147420148
2013-2014,after BMX,10175,9743,0.9575429975429975
2013-2014,after TCHOL,10175,7624,0.7492874692874693
2013-2014,after HDL,10175,7624,0.7492874692874693
2013-2014,after TRIGLY,10175,3146,0.3091891891891892
2015-2016,demographics,9971,9971,1.0
2015-2016,after MCQ,9971,9575,0.9602848259953867
2015-2016,after BPX,9971,9315,0.9342092066994283
2015-2016,after BMX,9971,9464,0.9491525423728814
2015-2016,after TCHOL,9971,7256,0.7277103600441279
2015-2016,after HDL,9971,7256,0.7277103600441279
2015-2016,after TRIGLY,9971,2723,0.27309196670344
2017-2018,demographics,9254,9254,1.0
2017-2018,after MCQ,9254,8897,0.9614220877458396
2017-2018,after BPX,9254,8281,0.8948562783661119
2017-2018,after BMX,9254,8595,0.9287875513291549
2017-2018,after TCHOL,9254,6738,0.7281175707802031
2017-2018,after HDL,9254,6738,0.7281175707802031
2017-2018,after TRIGLY,9254,2834,0.3062459476982926
