variable,20-39,40-49,50-59,60-69,70+
age,0.0,0.0,0.0,0.0,0.0
sex,0.0,0.0,0.0,0.0,0.0
race_eth,0.0,0.0,0.0,0.0,0.0
education,0.0003,0.0006,0.0,0.0013,0.0037
marital,0.0001,0.0006,0.0,0.0016,0.0011
income_poverty_ratio,0.0864,0.0874,0.1021,0.1089,0.12
born_us,0.0001,0.0014,0.0008,0.0005,0.0
asthma_ever,0.0007,0.0003,0.0008,0.0005,0.0017
asthma_still,0.8331,0.8638,0.8596,0.8489,0.882
anemia_treated,0.0011,0.0003,0.0006,0.0021,0.002
told_overweight,0.0004,0.0003,0.0006,0.0005,0.0017
arthritis,0.0008,0.0022,0.0023,0.0027,0.0031
emphysema,0.0001,0.0006,0.0006,0.0021,0.0034
bronchitis,0.001,0.0008,0.0014,0.0037,0.0017
liver_condition,0.0008,0.0022,0.002,0.0019,0.0017
thyroid_problem,0.0021,0.0008,0.0031,0.0021,0.0023
gout,0.0003,0.0008,0.0008,0.0013,0.0011
cancer_ever,0.0001,0.0003,0.0011,0.0005,0.0003
fam_hist_mi,0.0239,0.0185,0.0194,0.0241,0.0323
fam_hist_asthma,0.0166,0.0191,0.0203,0.0206,0.0349
fam_hist_diabetes,0.0169,0.016,0.0158,0.0163,0.026
pulse,0.0427,0.0395,0.038,0.0275,0.038
pulse_regular,0.0423,0.0392,0.0374,0.027,0.0363
bmi,0.0082,0.0129,0.0096,0.0155,0.0312
waist,0.0458,0.0538,0.0422,0.053,0.1332
height,0.0075,0.0106,0.009,0.0128,0.0263
weight,0.0079,0.0118,0.0082,0.0136,0.0254
arm_circ,0.0394,0.0434,0.0332,0.0415,0.1115
total_chol,0.0616,0.0574,0.0534,0.0562,0.0692
hdl,0.0616,0.0572,0.0534,0.0564,0.0692
triglycerides,0.5683,0.5539,0.5418,0.5448,0.553
ldl,0.5738,0.5649,0.5499,0.5488,0.5562
sbp,0.044,0.0403,0.0397,0.0294,0.0429
dbp,0.0445,0.0403,0.0411,0.0329,0.0517
pulse_pressure,0.0445,0.0403,0.0411,0.0329,0.0517
