variable,n_missing,missing_pct,missing_pct_chd,missing_pct_no_chd,missing_2011-2012,missing_2013-2014,missing_2015-2016,missing_2017-2018,missing_vs_chd_p,missing_vs_age_p,median_age_missing,median_age_observed
asthma_still,18404,0.8532220676866018,0.811577752553916,0.854995408187926,0.857331571994716,0.8497846374730796,0.8541284403669724,0.8517812916746047,0.00043504611571001803,3.7659587221890304e-11,50.0,47.0
ldl,12105,0.5611961057023644,0.5505107832009081,0.5616511189521002,0.5502925080203812,0.550251256281407,0.5928440366972477,0.550962088016765,0.5366243821878351,0.005633002703675164,49.0,50.0
triglycerides,11971,0.5549837737598516,0.5391600454029511,0.5556575958238678,0.5416116248348745,0.5432519741564967,0.588440366972477,0.5461992760525815,0.35217328855718677,0.010736800132286312,49.0,50.0
income_poverty_ratio,2125,0.09851645804357904,0.10556186152099886,0.09821644352071149,0.08416682392904322,0.07663316582914573,0.10256880733944954,0.13202514764717088,0.5100355180583096,6.268158107641596e-09,53.0,49.0
waist,1336,0.06193787668057487,0.10669693530079455,0.06003190101019865,0.06359690507642951,0.056532663316582916,0.0655045871559633,0.062297580491522196,2.7550082995634136e-08,1.0349594807768025e-43,59.0,49.0
total_chol,1291,0.0598516458043579,0.060158910329171394,0.05983856155444922,0.07567465559539535,0.04432878679109835,0.05798165137614679,0.062297580491522196,1.0,0.9986296068457737,49.0,50.0
hdl,1291,0.0598516458043579,0.060158910329171394,0.05983856155444922,0.07567465559539535,0.04414931801866475,0.0581651376146789,0.062297580491522196,1.0,0.9728052492840176,49.0,50.0
arm_circ,1102,0.051089476124246636,0.08399545970488081,0.04968824012760404,0.053028873372334404,0.04612347451543432,0.05467889908256881,0.05067631929891408,8.536336659532416e-06,3.275843634327134e-34,59.0,49.0
pulse_pressure,915,0.04242002781641168,0.04426787741203178,0.042341340809125626,0.04793357237214569,0.03768844221105527,0.03155963302752294,0.05315298152028958,0.8473312652369602,0.8039928372330069,48.0,50.0
dbp,915,0.04242002781641168,0.04426787741203178,0.042341340809125626,0.04793357237214569,0.03768844221105527,0.03155963302752294,0.05315298152028958,0.8473312652369602,0.8039928372330069,48.0,50.0
sbp,862,0.039962911451089475,0.03745743473325766,0.0400696022040698,0.046235138705416116,0.034816941852117735,0.029174311926605506,0.05029529434177939,0.7642879162265597,0.09007141253057276,47.0,50.0
pulse,820,0.03801576263328697,0.03518728717366629,0.03813620764657547,0.04548027929798075,0.032663316582914576,0.027706422018348623,0.046866069727567156,0.7201068415795333,0.01045386192758129,46.0,50.0
pulse_regular,806,0.0373667130273528,0.0340522133938706,0.03750785441538982,0.043026986223815816,0.03248384781048098,0.027706422018348623,0.046866069727567156,0.6606918288145092,0.0038445316142046815,46.0,50.0
fam_hist_mi,510,0.02364394993045897,0.03745743473325766,0.023055730098119773,0.021324778260049065,0.024587221823402727,0.026788990825688072,0.021718422556677462,0.008237457154958185,0.03713931647759426,51.5,49.0
fam_hist_asthma,459,0.021279554937413073,0.04540295119182747,0.02025230798975301,0.020192489148896018,0.020459440057430008,0.024403669724770642,0.020003810249571347,7.54113140108132e-07,1.074883187022151e-07,55.0,49.0
fam_hist_diabetes,387,0.017941585535465925,0.02043132803632236,0.017835564792885106,0.018494055482166448,0.020100502512562814,0.01926605504587156,0.013716898456848923,0.6607497656926048,0.012225339628107327,52.0,49.0
bmi,306,0.014186369958275382,0.0340522133938706,0.013340422446710812,0.015474617852424986,0.01202440775305097,0.012293577981651376,0.017146123071061156,7.586337077093786e-07,1.7997031112141953e-16,62.0,49.0
weight,268,0.012424663885025498,0.03178206583427923,0.011600367344965924,0.013210039630118891,0.00987078248384781,0.011559633027522935,0.015240998285387693,2.7341970157718577e-07,3.399126854802381e-11,60.0,49.0
height,264,0.01223922114047288,0.028376844494892167,0.011552032481028566,0.013210039630118891,0.010229720028715004,0.010458715596330275,0.015240998285387693,1.7729330828886054e-05,8.594190229507238e-13,60.5,49.0
thyroid_problem,45,0.002086230876216968,0.0022701475595913734,0.002078399149306395,0.002453293074164937,0.0017946877243359654,0.0016513761467889909,0.0024766622213755,1.0,0.33382303354046594,52.0,50.0
arthritis,43,0.0019935095039406584,0.0022701475595913734,0.001981729421431679,0.001321003963011889,0.0021536252692031586,0.0016513761467889909,0.0028576871785101926,1.0,0.0035455402749162146,58.0,50.0
bronchitis,35,0.0016226240148354196,0.0011350737797956867,0.0016433853738701725,0.001321003963011889,0.0014357501794687725,0.002568807339449541,0.001143074871404077,1.0,0.014361903617289565,62.0,50.0
liver_condition,34,0.0015762633286972648,0.004540295119182747,0.0014500459181207405,0.0007548594074353652,0.001615218951902369,0.0012844036697247706,0.0026671746999428463,0.06712596430515734,0.10914184050800267,53.5,50.0
anemia_treated,26,0.001205377839592026,0.00340522133938706,0.0011117018705592344,0.0015097188148707303,0.0005384063173007897,0.0007339449541284404,0.0020956372642408076,0.1539386821342594,0.14412262003475484,61.5,50.0
emphysema,25,0.0011590171534538712,0.004540295119182747,0.0010150321426845184,0.001321003963011889,0.0003589375448671931,0.0009174311926605505,0.0020956372642408076,0.012199957728417726,1.0142423223477313e-06,66.0,49.0
education,22,0.0010199350950394065,0.0011350737797956867,0.0010150321426845184,0.0005661445555765239,0.0007178750897343862,0.0005504587155963303,0.002286149742808154,1.0,2.214992533163107e-06,72.0,50.0
asthma_ever,17,0.0007881316643486324,0.0011350737797956867,0.0007733578229977283,0.0005661445555765239,0.0008973438621679827,0.0007339449541284404,0.0009525623928367308,1.0,0.23194406782856336,56.0,50.0
gout,17,0.0007881316643486324,0.0022701475595913734,0.0007250229590603703,0.0003774297037176826,0.0005384063173007897,0.0011009174311926607,0.001143074871404077,0.3233399460801304,0.040025996111557764,61.0,50.0
told_overweight,14,0.0006490496059341678,0.0011350737797956867,0.0006283532311856542,0.0005661445555765239,0.0003589375448671931,0.0005504587155963303,0.001143074871404077,1.0,0.03669645162322713,65.5,50.0
marital,13,0.000602688919796013,0.0,0.0006283532311856542,0.0005661445555765239,0.0005384063173007897,0.0003669724770642202,0.0009525623928367308,0.9653756459024,0.0037211004389326044,64.0,50.0
born_us,11,0.0005099675475197032,0.0,0.0005316835033109382,0.0005661445555765239,0.0007178750897343862,0.0001834862385321101,0.0005715374357020385,1.0,0.7136370652216044,48.0,50.0
cancer_ever,9,0.0004172461752433936,0.0011350737797956867,0.0003866789114988641,0.0005661445555765239,0.0,0.0007339449541284404,0.00038102495713469235,0.8235095268314376,0.4598773917646344,53.0,50.0
race_eth,0,0.0,0.0,0.0,0.0,0.0,0.0,0.0,,,,
age,0,0.0,0.0,0.0,0.0,0.0,0.0,0.0,,,,
sex,0,0.0,0.0,0.0,0.0,0.0,0.0,0.0,,,,
