variable,Female,Male
age,0.0,0.0
sex,0.0,0.0
race_eth,0.0,0.0
education,0.0012,0.0009
marital,0.0008,0.0004
income_poverty_ratio,0.0993,0.0976
born_us,0.0006,0.0004
asthma_ever,0.0008,0.0008
asthma_still,0.8337,0.8742
anemia_treated,0.0013,0.0012
told_overweight,0.0007,0.0006
arthritis,0.0022,0.0017
emphysema,0.0009,0.0014
bronchitis,0.0019,0.0013
liver_condition,0.0014,0.0017
thyroid_problem,0.0025,0.0016
gout,0.0007,0.0009
cancer_ever,0.0005,0.0003
fam_hist_mi,0.0224,0.025
fam_hist_asthma,0.0183,0.0245
fam_hist_diabetes,0.0162,0.0198
pulse,0.044,0.0316
pulse_regular,0.0428,0.0315
bmi,0.0137,0.0147
waist,0.0704,0.0529
height,0.0121,0.0124
weight,0.0122,0.0127
arm_circ,0.0564,0.0454
total_chol,0.0605,0.0592
hdl,0.0605,0.0592
triglycerides,0.5566,0.5533
ldl,0.56,0.5625
sbp,0.0465,0.033
dbp,0.0494,0.035
pulse_pressure,0.0494,0.035
