variable,missing_pct,missing_vs_chd_p,sub_sample_by_design,indicator_added,reason
asthma_still,0.8532220676866018,0.00043504611571001803,False,True,high missingness and missingness differs by CHD status
ldl,0.5611961057023644,0.5366243821878351,True,True,measured only in a survey sub-sample
triglycerides,0.5549837737598516,0.35217328855718677,True,True,measured only in a survey sub-sample
income_poverty_ratio,0.09851645804357904,0.5100355180583096,False,False,"missingness is low or unrelated to the outcome, imputation alone"
waist,0.06193787668057487,2.7550082995634136e-08,False,False,"missingness is low or unrelated to the outcome, imputation alone"
total_chol,0.0598516458043579,1.0,False,False,"missingness is low or unrelated to the outcome, imputation alone"
hdl,0.0598516458043579,1.0,False,False,"missingness is low or unrelated to the outcome, imputation alone"
arm_circ,0.051089476124246636,8.536336659532416e-06,False,False,"missingness is low or unrelated to the outcome, imputation alone"
pulse_pressure,0.04242002781641168,0.8473312652369602,False,False,"missingness is low or unrelated to the outcome, imputation alone"
dbp,0.04242002781641168,0.8473312652369602,False,False,"missingness is low or unrelated to the outcome, imputation alone"
sbp,0.039962911451089475,0.7642879162265597,False,False,"missingness is low or unrelated to the outcome, imputation alone"
pulse,0.03801576263328697,0.7201068415795333,False,False,"missingness is low or unrelated to the outcome, imputation alone"
pulse_regular,0.0373667130273528,0.6606918288145092,False,False,"missingness is low or unrelated to the outcome, imputation alone"
fam_hist_mi,0.02364394993045897,0.008237457154958185,False,False,"missingness is low or unrelated to the outcome, imputation alone"
fam_hist_asthma,0.021279554937413073,7.54113140108132e-07,False,False,"missingness is low or unrelated to the outcome, imputation alone"
fam_hist_diabetes,0.017941585535465925,0.6607497656926048,False,False,"missingness is low or unrelated to the outcome, imputation alone"
bmi,0.014186369958275382,7.586337077093786e-07,False,False,"missingness is low or unrelated to the outcome, imputation alone"
weight,0.012424663885025498,2.7341970157718577e-07,False,False,"missingness is low or unrelated to the outcome, imputation alone"
height,0.01223922114047288,1.7729330828886054e-05,False,False,"missingness is low or unrelated to the outcome, imputation alone"
thyroid_problem,0.002086230876216968,1.0,False,False,"missingness is low or unrelated to the outcome, imputation alone"
arthritis,0.0019935095039406584,1.0,False,False,"missingness is low or unrelated to the outcome, imputation alone"
bronchitis,0.0016226240148354196,1.0,False,False,"missingness is low or unrelated to the outcome, imputation alone"
liver_condition,0.0015762633286972648,0.06712596430515734,False,False,"missingness is low or unrelated to the outcome, imputation alone"
anemia_treated,0.001205377839592026,0.1539386821342594,False,False,"missingness is low or unrelated to the outcome, imputation alone"
emphysema,0.0011590171534538712,0.012199957728417726,False,False,"missingness is low or unrelated to the outcome, imputation alone"
education,0.0010199350950394065,1.0,False,False,"missingness is low or unrelated to the outcome, imputation alone"
asthma_ever,0.0007881316643486324,1.0,False,False,"missingness is low or unrelated to the outcome, imputation alone"
gout,0.0007881316643486324,0.3233399460801304,False,False,"missingness is low or unrelated to the outcome, imputation alone"
told_overweight,0.0006490496059341678,1.0,False,False,"missingness is low or unrelated to the outcome, imputation alone"
marital,0.000602688919796013,0.9653756459024,False,False,"missingness is low or unrelated to the outcome, imputation alone"
born_us,0.0005099675475197032,1.0,False,False,"missingness is low or unrelated to the outcome, imputation alone"
cancer_ever,0.0004172461752433936,0.8235095268314376,False,False,"missingness is low or unrelated to the outcome, imputation alone"
race_eth,0.0,,False,False,"missingness is low or unrelated to the outcome, imputation alone"
age,0.0,,False,False,"missingness is low or unrelated to the outcome, imputation alone"
sex,0.0,,False,False,"missingness is low or unrelated to the outcome, imputation alone"
