repeat,roc_auc,pr_auc,test_prevalence
0,0.8751278491467936,0.23942879687533092,0.040793621361023547
1,0.8831845421155299,0.25436551690103704,0.040793621361023547
2,0.8575901094845614,0.24869088425713795,0.040793621361023547
3,0.8743071542800905,0.2446344252522274,0.040793621361023547
4,0.8724724531219796,0.23679206119578491,0.040793621361023547
5,0.8761638226455546,0.2512498257972916,0.040793621361023547
6,0.864153911041597,0.24356087547427188,0.040793621361023547
7,0.8647224223678892,0.23535615452384814,0.040793621361023547
8,0.8791996907017205,0.23523121481315232,0.040793621361023547
9,0.878321002407606,0.22802608443720682,0.040793621361023547
