group,level,n,cases,prevalence,roc_auc,pr_auc,sensitivity,specificity,ppv,npv,brier,calibration_slope,observed_over_expected,reliable,note
sex,Female,2787,67,0.024040186580552566,0.8736062335381914,0.2344226633033126,0.7611940298507462,0.8172794117647059,0.09306569343065693,0.9928539526574364,0.11739486627746472,0.9976717408424951,0.09668872633108103,True,
sex,Male,2606,153,0.058710667689946275,0.8598834560322295,0.2541592203853444,0.8431372549019608,0.7244190786791683,0.16024844720496895,0.9866740699611327,0.17914046132551784,0.8155686060207494,0.1698388183874437,True,
age_group,20-39,1796,3,0.0016703786191536749,,,,,,,,,,False,"only 3 cases, too few for a stable estimate"
age_group,40-49,893,8,0.008958566629339306,,,,,,,,,,False,"only 8 cases, too few for a stable estimate"
age_group,50-59,900,26,0.028888888888888888,0.7030452385143461,0.062486794706530555,0.38461538461538464,0.8398169336384439,0.06666666666666667,0.9786666666666667,0.1243342038828258,0.6364095814150561,0.09928372675768268,True,
age_group,60-69,925,57,0.061621621621621624,0.7635014956746706,0.1654179661761483,0.8070175438596491,0.5552995391705069,0.10648148148148148,0.9776876267748479,0.25472999915146116,0.8468145040436981,0.12856482633484806,True,
age_group,70+,879,126,0.14334470989761092,0.7573831657496997,0.31247327195575336,0.9841269841269841,0.17928286852589642,0.16711590296495957,0.9854014598540146,0.43925054064525865,0.8496793690533222,0.20251053837172525,True,
race_eth,1.0,731,25,0.03419972640218878,0.9207932011331446,0.33791363366468297,0.84,0.8441926345609065,0.16030534351145037,0.9933333333333333,0.10111966255628747,1.160892283902258,0.14649590101457532,True,
race_eth,2.0,551,15,0.02722323049001815,0.9123134328358209,0.2414509036585641,0.8666666666666667,0.7910447761194029,0.104,0.9953051643192489,0.13569414995277312,1.1386749313335558,0.09471750478536536,True,
race_eth,3.0,1973,126,0.06386213887480993,0.8607308290578458,0.27556607785906073,0.8888888888888888,0.6816459122902003,0.16,0.9890023566378633,0.20110408390198461,0.8679584583752189,0.1704057016339251,True,
race_eth,4.0,1191,31,0.026028547439126783,0.8067853170189099,0.15866348126058044,0.6129032258064516,0.7931034482758621,0.07335907335907337,0.9871244635193133,0.13238621100514728,0.7141301919497346,0.09741715540793003,True,
race_eth,6.0,748,19,0.02540106951871658,0.866146848602989,0.2900181842550976,0.5789473684210527,0.887517146776406,0.11827956989247312,0.9877862595419847,0.08170958551674116,0.9915659912800855,0.12773687763085503,True,
race_eth,7.0,199,4,0.020100502512562814,,,,,,,,,,False,"only 4 cases, too few for a stable estimate"
survey_cycle,2011-2012,1321,49,0.03709311127933384,0.8519766397124887,0.2511242364621016,0.7551020408163265,0.7948113207547169,0.12416107382550336,0.9882697947214076,0.14003822735855057,0.8341501742811555,0.13193736018005647,True,
survey_cycle,2013-2014,1451,50,0.03445899379738112,0.8510206995003569,0.1815892531393023,0.78,0.7801570306923626,0.11239193083573487,0.990036231884058,0.14429657626607498,0.8112172519524123,0.11922652684275119,True,
survey_cycle,2015-2016,1341,56,0.041759880686055184,0.9204419121734297,0.3095776598246359,0.9285714285714286,0.777431906614786,0.15384615384615385,0.996011964107677,0.14030760022753216,1.105719776860148,0.1432823779088498,True,
survey_cycle,2017-2018,1280,65,0.05078125,0.8657549857549857,0.2538679433519518,0.8,0.7382716049382716,0.14054054054054055,0.9857142857142858,0.16523610322011945,0.8394301960729403,0.15768864344568467,True,
