variable,type,overall,chd,no_chd,missing_pct
age,numeric,49.6 (17.7),68.7 (10.9),48.8 (17.4),0.0
income_poverty_ratio,numeric,2.5 (1.6),2.3 (1.5),2.5 (1.6),0.0985
pulse,numeric,72.4 (11.8),68.6 (11.4),72.6 (11.8),0.038
bmi,numeric,29.3 (7.1),30.0 (6.6),29.3 (7.2),0.0142
waist,numeric,99.6 (16.7),106.4 (15.6),99.3 (16.6),0.0619
height,numeric,166.7 (10.1),167.2 (9.7),166.6 (10.2),0.0122
weight,numeric,81.7 (22.1),84.2 (21.7),81.6 (22.1),0.0124
arm_circ,numeric,33.2 (5.2),33.2 (5.0),33.2 (5.2),0.0511
total_chol,numeric,190.2 (41.4),169.7 (42.8),191.1 (41.2),0.0599
hdl,numeric,53.2 (16.1),48.8 (15.0),53.4 (16.1),0.0599
triglycerides,numeric,118.9 (97.6),130.9 (88.9),118.4 (97.9),0.555
ldl,numeric,112.0 (35.6),92.6 (37.6),112.8 (35.3),0.5612
sbp,numeric,124.8 (18.8),132.4 (22.0),124.5 (18.6),0.04
dbp,numeric,71.1 (11.7),66.4 (12.3),71.3 (11.6),0.0424
pulse_pressure,numeric,53.7 (17.7),65.8 (21.4),53.2 (17.4),0.0424
sex = Female,categorical,51.8%,33.6%,52.5%,0.0
sex = Male,categorical,48.2%,66.4%,47.5%,0.0
race_eth = 1.0,categorical,13.5%,8.4%,13.7%,0.0
race_eth = 2.0,categorical,10.4%,8.4%,10.5%,0.0
race_eth = 3.0,categorical,36.7%,57.2%,35.8%,0.0
race_eth = 4.0,categorical,22.9%,15.2%,23.2%,0.0
race_eth = 6.0,categorical,13.0%,7.2%,13.2%,0.0
race_eth = 7.0,categorical,3.6%,3.6%,3.6%,0.0
education = 1.0,categorical,9.5%,13.6%,9.3%,0.001
education = 2.0,categorical,12.7%,14.3%,12.6%,0.001
education = 3.0,categorical,22.2%,22.8%,22.2%,0.001
education = 4.0,categorical,30.7%,29.4%,30.8%,0.001
education = 5.0,categorical,24.8%,19.8%,25.0%,0.001
marital = 1.0,categorical,50.2%,54.5%,50.0%,0.0006
marital = 2.0,categorical,7.7%,19.2%,7.2%,0.0006
marital = 3.0,categorical,10.9%,13.6%,10.8%,0.0006
marital = 4.0,categorical,3.5%,3.4%,3.5%,0.0006
marital = 5.0,categorical,19.2%,6.5%,19.8%,0.0006
marital = 6.0,categorical,8.5%,2.8%,8.7%,0.0006
born_us (yes),binary,68.7%,80.4%,68.2%,0.0005
asthma_ever (yes),binary,14.9%,19.3%,14.8%,0.0008
anemia_treated (yes),binary,4.5%,9.2%,4.3%,0.0012
told_overweight (yes),binary,35.9%,48.3%,35.4%,0.0006
arthritis (yes),binary,26.7%,57.1%,25.5%,0.002
emphysema (yes),binary,1.9%,8.2%,1.6%,0.0012
bronchitis (yes),binary,5.8%,13.8%,5.5%,0.0016
liver_condition (yes),binary,4.5%,7.5%,4.3%,0.0016
thyroid_problem (yes),binary,10.6%,18.9%,10.3%,0.0021
gout (yes),binary,4.8%,14.7%,4.4%,0.0008
cancer_ever (yes),binary,9.5%,22.6%,9.0%,0.0004
fam_hist_mi (yes),binary,12.0%,25.8%,11.4%,0.0236
fam_hist_asthma (yes),binary,21.1%,18.4%,21.2%,0.0213
fam_hist_diabetes (yes),binary,43.4%,54.9%,42.9%,0.0179
pulse_regular (yes),binary,97.2%,91.8%,97.5%,0.0374
