threshold,roc_auc,pr_auc,brier,sensitivity,specificity,ppv,npv,f1,tp,fp,tn,fn,n,prevalence
0.18126894431866195,0.8751278491467936,0.23942879687533092,0.14723151020389275,0.9545454545454546,0.5192344867581674,0.0778642936596218,0.9962908011869436,0.14398354473774425,210,2487,2686,10,5393,0.040793621361023547
0.19836722250132724,0.8751278491467936,0.23942879687533092,0.14723151020389275,0.9545454545454546,0.5408853663251498,0.08123791102514506,0.9964387464387464,0.1497326203208556,210,2375,2798,10,5393,0.040793621361023547
0.21695112269852954,0.8751278491467936,0.23942879687533092,0.14723151020389275,0.9409090909090909,0.5617630001933114,0.08367016976556184,0.9955464200068517,0.1536748329621381,207,2267,2906,13,5393,0.040793621361023547
0.23522196742665996,0.8751278491467936,0.23942879687533092,0.14723151020389275,0.9318181818181818,0.5828339454861783,0.086754126110876,0.995049504950495,0.15873015873015872,205,2158,3015,15,5393,0.040793621361023547
0.2568293918830837,0.8751278491467936,0.23942879687533092,0.14723151020389275,0.9227272727272727,0.6039048907790451,0.09014209591474245,0.9945877109200891,0.16423948220064727,203,2049,3124,17,5393,0.040793621361023547
0.2744951887126769,0.8751278491467936,0.23942879687533092,0.14723151020389275,0.9227272727272727,0.6255557703460275,0.09485981308411215,0.9947740547187212,0.17203389830508473,203,1937,3236,17,5393,0.040793621361023547
0.30134000953330425,0.8751278491467936,0.23942879687533092,0.14723151020389275,0.9136363636363637,0.6466267156388943,0.09906357811729916,0.9943519619500595,0.17874610938194752,201,1828,3345,19,5393,0.040793621361023547
0.32422395968488404,0.8751278491467936,0.23942879687533092,0.14723151020389275,0.9,0.6675043495070558,0.1032325338894682,0.9936690647482015,0.18521983161833486,198,1720,3453,22,5393,0.040793621361023547
0.3521438151155341,0.8751278491467936,0.23942879687533092,0.14723151020389275,0.8863636363636364,0.6883819833752175,0.1079136690647482,0.9930284439486894,0.19240256536753822,195,1612,3561,25,5393,0.040793621361023547
0.38313729972645044,0.8751278491467936,0.23942879687533092,0.14723151020389275,0.8818181818181818,0.7096462400927895,0.11438679245283019,0.9929672707600757,0.20250521920668058,194,1502,3671,26,5393,0.040793621361023547
0.4173718348604025,0.8751278491467936,0.23942879687533092,0.14723151020389275,0.85,0.7299439396868355,0.11805555555555555,0.991336308742452,0.2073170731707317,187,1397,3776,33,5393,0.040793621361023547
0.4499996681264383,0.8751278491467936,0.23942879687533092,0.14723151020389275,0.8409090909090909,0.7510148849797023,0.12559402579769177,0.9910714285714286,0.21854695806261074,185,1288,3885,35,5393,0.040793621361023547
0.4847541762863719,0.8751278491467936,0.23942879687533092,0.14723151020389275,0.8181818181818182,0.7715058959984535,0.13215859030837004,0.9900769039940461,0.22756005056890014,180,1182,3991,40,5393,0.040793621361023547
0.5206913216475814,0.8751278491467936,0.23942879687533092,0.14723151020389275,0.7954545454545454,0.7919969070172047,0.1398880895283773,0.9891356832448093,0.2379333786539769,175,1076,4097,45,5393,0.040793621361023547
0.5574400859604777,0.8751278491467936,0.23942879687533092,0.14723151020389275,0.7863636363636364,0.8130678523100715,0.15175438596491228,0.9889489771925699,0.25441176470588234,173,967,4206,47,5393,0.040793621361023547
0.5948921566765099,0.8751278491467936,0.23942879687533092,0.14723151020389275,0.7545454545454545,0.8333655519041175,0.1614785992217899,0.9876288659793815,0.266025641025641,166,862,4311,54,5393,0.040793621361023547
0.6343834618342886,0.8751278491467936,0.23942879687533092,0.14723151020389275,0.7136363636363636,0.853083317224048,0.17121046892039257,0.9859249329758714,0.27616534740545295,157,760,4413,63,5393,0.040793621361023547
0.6718961656625387,0.8751278491467936,0.23942879687533092,0.14723151020389275,0.6863636363636364,0.873381016818094,0.18734491315136476,0.9849574885546108,0.2943469785575048,151,655,4518,69,5393,0.040793621361023547
0.71201846835345,0.8751278491467936,0.23942879687533092,0.14723151020389275,0.6545454545454545,0.8934854049874348,0.20719424460431654,0.9838229033631333,0.31475409836065577,144,551,4622,76,5393,0.040793621361023547
0.751204982139161,0.8751278491467936,0.23942879687533092,0.14723151020389275,0.5772727272727273,0.9116566789097236,0.21746575342465754,0.9806612601372426,0.31592039800995025,127,457,4716,93,5393,0.040793621361023547
0.787393389741796,0.8751278491467936,0.23942879687533092,0.14723151020389275,0.5045454545454545,0.9302145756814227,0.23516949152542374,0.9778500304816095,0.32080924855491333,111,361,4812,109,5393,0.040793621361023547
0.8277227127873122,0.8751278491467936,0.23942879687533092,0.14723151020389275,0.4409090909090909,0.9489657838778272,0.26869806094182824,0.9755564387917329,0.33390705679862304,97,264,4909,123,5393,0.040793621361023547
0.8625918488725108,0.8751278491467936,0.23942879687533092,0.14723151020389275,0.3409090909090909,0.9661705006765899,0.3,0.9718063387128135,0.3191489361702128,75,175,4998,145,5393,0.040793621361023547
0.9092118254817495,0.8751278491467936,0.23942879687533092,0.14723151020389275,0.20454545454545456,0.9818287260777112,0.3237410071942446,0.9666920441568329,0.25069637883008355,45,94,5079,175,5393,0.040793621361023547
0.9643990595184957,0.8751278491467936,0.23942879687533092,0.14723151020389275,0.045454545454545456,0.9967137057800116,0.37037037037037035,0.9608647036898994,0.08097165991902834,10,17,5156,210,5393,0.040793621361023547
