model,params,cv_mean,cv_sd,rank,selected
logistic_regression,{'clf__C': 0.03},0.2332660985562241,0.04093490611013736,1,True
logistic_regression,{'clf__C': 0.1},0.2325319753751641,0.0402268704607421,4,False
logistic_regression,{'clf__C': 0.3},0.2330598665735534,0.04000358696167934,2,False
logistic_regression,{'clf__C': 1.0},0.23268710940944137,0.03987280248053562,3,False
random_forest,"{'clf__max_depth': 10, 'clf__min_samples_leaf': 5}",0.20913488662315266,0.018591767096325148,4,False
random_forest,"{'clf__max_depth': 10, 'clf__min_samples_leaf': 20}",0.21834655491963967,0.02250977751201035,3,False
random_forest,"{'clf__max_depth': None, 'clf__min_samples_leaf': 5}",0.222110353886867,0.02816614628872984,2,False
random_forest,"{'clf__max_depth': None, 'clf__min_samples_leaf': 20}",0.2236316105332266,0.02473486777596535,1,True
gradient_boosting,"{'clf__learning_rate': 0.03, 'clf__max_leaf_nodes': 7, 'clf__min_samples_leaf': 20}",0.21985645981700158,0.0197801708581032,5,False
gradient_boosting,"{'clf__learning_rate': 0.03, 'clf__max_leaf_nodes': 7, 'clf__min_samples_leaf': 50}",0.22347370110103726,0.01908081596860902,3,False
gradient_boosting,"{'clf__learning_rate': 0.03, 'clf__max_leaf_nodes': 15, 'clf__min_samples_leaf': 20}",0.21873878631679428,0.025568357624431673,6,False
gradient_boosting,"{'clf__learning_rate': 0.03, 'clf__max_leaf_nodes': 15, 'clf__min_samples_leaf': 50}",0.21488372636403003,0.02405610270537077,7,False
gradient_boosting,"{'clf__learning_rate': 0.06, 'clf__max_leaf_nodes': 7, 'clf__min_samples_leaf': 20}",0.22509971293574135,0.026139466940857746,2,False
gradient_boosting,"{'clf__learning_rate': 0.06, 'clf__max_leaf_nodes': 7, 'clf__min_samples_leaf': 50}",0.220449008349428,0.022669456321126248,4,False
gradient_boosting,"{'clf__learning_rate': 0.06, 'clf__max_leaf_nodes': 15, 'clf__min_samples_leaf': 20}",0.22518006124781179,0.020385316679954198,1,True
gradient_boosting,"{'clf__learning_rate': 0.06, 'clf__max_leaf_nodes': 15, 'clf__min_samples_leaf': 50}",0.21480108291053007,0.024880414664403695,8,False
