variable,2011-2012,2013-2014,2015-2016,2017-2018
SEQN,1.0,1.0,1.0,1.0
sddsrvyr,1.0,1.0,1.0,1.0
exam_status,1.0,1.0,1.0,1.0
wt_int,1.0,1.0,1.0,1.0
wt_mec,1.0,1.0,1.0,1.0
psu,1.0,1.0,1.0,1.0
stratum,1.0,1.0,1.0,1.0
age,0.6011,0.6008,0.6009,0.6328
sex,1.0,1.0,1.0,1.0
race_eth,1.0,1.0,1.0,1.0
education,0.5694,0.5663,0.5731,0.6004
marital,0.5692,0.5667,0.5733,0.6011
income_poverty_ratio,0.9139,0.9229,0.8945,0.867
born_us,0.9995,0.9995,0.9998,0.9997
survey_cycle,1.0,1.0,1.0,1.0
cycle_letter,1.0,1.0,1.0,1.0
mcq160c_raw,0.5698,0.567,0.5736,0.6018
asthma_ever,0.9588,0.9592,0.9592,0.9604
asthma_still,0.1464,0.1495,0.1427,0.14
anemia_treated,0.9586,0.9594,0.9596,0.9598
told_overweight,0.6324,0.6351,0.634,0.665
arthritis,0.5689,0.5657,0.5725,0.6
emphysema,0.5689,0.5667,0.5729,0.6004
bronchitis,0.5689,0.5662,0.5721,0.6011
liver_condition,0.5692,0.566,0.5724,0.6002
thyroid_problem,0.5683,0.5659,0.5725,0.6002
gout,0.5694,0.5666,0.5728,0.6008
cancer_ever,0.5693,0.567,0.5731,0.6016
fam_hist_mi,0.5572,0.5528,0.5585,0.588
fam_hist_asthma,0.8197,0.8266,0.8206,0.8353
fam_hist_diabetes,0.5592,0.5555,0.5625,0.5929
chf,0.5683,0.5662,0.5725,0.6
angina,0.568,0.5662,0.5718,0.5986
heart_attack,0.5691,0.5667,0.5727,0.6007
stroke,0.5694,0.5665,0.5731,0.6007
age_told_chd,0.0197,0.0227,0.024,0.0
pulse,0.7236,0.7419,0.7397,0.7285
pulse_regular,0.9253,0.9347,0.9341,0.8949
bmi,0.8817,0.8899,0.878,0.865
waist,0.8406,0.8512,0.8337,0.8214
height,0.8115,0.827,0.8146,0.8067
weight,0.767,0.7802,0.7713,0.7744
arm_circ,0.9041,0.9134,0.8998,0.8825
total_chol,0.7163,0.7492,0.7277,0.7281
hdl,0.7164,0.7493,0.7276,0.7281
triglycerides,0.3065,0.3091,0.2731,0.3062
ldl,0.3015,0.3052,0.2707,0.3034
chd,0.5677,0.5652,0.571,0.6001
sbp,0.7231,0.7401,0.7384,0.7258
dbp,0.7196,0.7353,0.7354,0.7167
n_bp_readings,1.0,1.0,1.0,1.0
pulse_pressure,0.7196,0.7353,0.7354,0.7167
